NomeFCP,Ruolo,SquadraFCP,ALG,FM1,FM2,FM3,Attributi,ResInf
CARNESECCHI MARCO,P,Atalanta,95/100,5.58,5.38,5.36,Titolare,60%
DI GREGORIO MICHELE,P,Juventus,95/100,5.33,5.11,5.45,Fuoriclasse | Titolare,60%
MAIGNAN MIKE,P,Milan,95/100,5.42,5.13,4.86,Fuoriclasse | Titolare | Buona Media,60%
MILINKOVIC SAVIC VANJA,P,Napoli,95/100,5.65,5.51,5.21,Titolare | Rigorista,60%
SVILAR MILE,P,Roma,90/100,5.45,5.32,5.38,Titolare | Buona Media,60%
FALCONE WLADIMIRO,P,Lecce,89/100,5.22,4.85,4.79,Titolare | Buona Media | Rigorista,80%
DE GEA DAVID,P,Fiorentina,88/100,5.00,5.38,nd,Fuoriclasse | Titolare,60%
BUTEZ JEAN,P,Como,86/100,5.37,5.18,nd,Titolare,60%
Consigli Fantacalcio giornata 38,P,,N/A,N/A,N/A,N/A,,N/A
MERET ALEX,P,Napoli,81/100,5.18,5.78,4.90,Titolare | Buona Media,60%
OKOYE MADUKA,P,Udinese,79/100,5.08,4.46,4.82,Outsider | Titolare,40%
CAPRILE ELIA,P,Cagliari,78/100,4.87,5.12,5.21,Titolare | Buona Media,60%
SUZUKI ZION,P,Parma,73/100,4.75,4.79,nd,Titolare,60%
SOMMER YANN,P,Inter,73/100,5.02,5.35,5.65,Titolare | Buona Media,40%
PROVEDEL IVAN,P,Lazio,70/100,5.35,4.67,5.14,Titolare | Buona Media,60%
,P,,N/A,N/A,N/A,N/A,,N/A
TURATI STEFANO,P,Sassuolo,68/100,5.00,4.78,4.43,Panchinaro | Buona Media,80%
MURIC ARIJANET,P,Sassuolo,66/100,4.77,nd,nd,Titolare,60%
MARTINEZ JOSEP,P,Inter,65/100,5.20,5.70,4.94,Panchinaro,60%
SKORUPSKI LUKASZ,P,Bologna,65/100,5.32,4.90,5.31,Titolare | Buona Media | Rigorista,60%
PALEARI ALBERTO,P,Torino,58/100,4.82,3.50,nd,Panchinaro | Buona Media,80%
ISRAEL WIBMER FRANCO,P,Torino,58/100,4.31,nd,nd,Outsider | Titolare,80%
LEALI NICOLA,P,Genoa,58/100,4.84,5.10,5.50,Titolare,60%
PALMISANI LORENZO,P,Frosinone,55/100,nd,nd,nd,Titolare,60%
CORVI EDOARDO,P,Parma,54/100,5.09,nd,nd,Panchinaro,60%
SATALINO GIACOMO,P,Sassuolo,54/100,nd,nd,nd,Outsider | Panchinaro | Buona Media,80%
THIAM DEMBA,P,Monza,53/100,nd,nd,nd,Titolare | Giovane talento,60%
GOLLINI PIERLUIGI,P,Roma,51/100,nd,3.58,4.86,Panchinaro,80%
PERIN MATTIA,P,Juventus,51/100,5.11,5.50,5.50,Panchinaro | Buona Media,60%
STANKOVIC FILIP,P,Venezia,51/100,nd,5.28,nd,Titolare | Giovane talento,60%
POPA MIHAI,P,Torino,50/100,nd,nd,nd,Panchinaro | Buona Media,60%
TÖRNQVIST NOEL,P,Como,49/100,nd,nd,nd,Panchinaro,60%
CONTINI NIKITA,P,Napoli,49/100,6.00,nd,6.00,Panchinaro,60%
LEZZERINI LUCA,P,Fiorentina,48/100,6.00,nd,nd,Panchinaro,60%
PINSOGLIO CARLO,P,Juventus,48/100,nd,nd,nd,Outsider | Panchinaro,60%
DI GENNARO RAFFAELE,P,Inter,45/100,5.00,nd,nd,Panchinaro,60%
PESSINA MASSIMO,P,Bologna,45/100,5.63,nd,nd,Panchinaro | Giovane talento,60%
TORRIANI LORENZO,P,Milan,45/100,nd,nd,nd,Panchinaro,60%
MANDAS CHRISTOS,P,Lazio,43/100,nd,5.50,5.75,Panchinaro,60%
SAMOOJA JASPER LAURI PETTERI,P,Lecce,43/100,nd,nd,nd,Outsider | Panchinaro,80%
RADUNOVIC BORIS,P,Cagliari,43/100,nd,nd,4.00,Panchinaro,60%
FURLANETTO ALESSIO,P,Lazio,43/100,4.83,nd,nd,Panchinaro,60%
POZZI ALESSIO,P,Venezia,42/100,nd,nd,nd,Panchinaro,60%
TERRACCIANO PIETRO,P,Milan,42/100,6.00,5.17,5.28,Panchinaro,60%
FRUCHTL CHRISTIAN,P,Lecce,42/100,nd,nd,nd,Panchinaro,60%
SAVA RAZVAN,P,Udinese,42/100,4.08,4.67,nd,Panchinaro,60%
ROSSI FRANCESCO,P,Atalanta,42/100,nd,nd,nd,Panchinaro,80%
VIGORITO MAURO,P,Como,41/100,nd,nd,nd,Panchinaro,80%
ZACCHI GIOELE,P,Sassuolo,41/100,nd,nd,nd,Panchinaro,80%
SPORTIELLO MARCO,P,Atalanta,41/100,4.50,5.00,4.57,Panchinaro | Buona Media,80%
NUNZIANTE ALESSANDRO,P,Udinese,39/100,nd,nd,nd,Panchinaro | Giovane talento,80%
PIZZIGNACCO SEMUEL,P,Monza,37/100,nd,4.44,nd,Panchinaro | Giovane talento,60%
DESPLANCHES SEBASTIANO,P,Frosinone,37/100,nd,nd,nd,Panchinaro,60%
PISSERI MATTEO,P,Frosinone,36/100,nd,nd,nd,Panchinaro,60%
SOMMARIVA DANIELE,P,Genoa,35/100,3.75,6.00,nd,Panchinaro,60%
SIEGRIST BENJAMIN,P,Genoa,32/100,nd,5.50,nd,Panchinaro,60%
RINALDI FILIPPO,P,Parma,32/100,6.50,nd,nd,Panchinaro,60%
CIOCCI GIUSEPPE,P,Cagliari,32/100,nd,6.00,nd,Panchinaro | Giovane talento,60%
PADELLI DANIELE,P,Udinese,26/100,5.25,6.50,nd,Panchinaro,80%
KALULU PIERRE,D,Juventus,97/100,6.35,6.04,5.83,Outsider | Titolare,60%
DIMARCO FEDERICO,D,Inter,93/100,7.64,6.83,7.25,Fuoriclasse | Titolare | Buona Media | Goleador | Assistman | Piazzati,60%
MANCINI GIANLUCA,D,Roma,93/100,6.51,6.26,6.21,Titolare | Buona Media | Falloso,80%
DODO' DOMILSON,D,Fiorentina,90/100,6.03,6.17,5.80,Titolare | Buona Media,40%
CAMBIASO ANDREA,D,Juventus,89/100,5.99,6.20,6.12,Titolare | Buona Media,40%
AUGUSTO CARLOS,D,Inter,88/100,6.16,6.67,6.21,Panchinaro | Buona Media | Piazzati,60%
DI LORENZO GIOVANNI,D,Napoli,87/100,6.33,6.41,6.24,Fuoriclasse | Titolare | Buona Media | Goleador,80%
ZAPPACOSTA DAVIDE,D,Atalanta,85/100,6.28,6.27,6.07,Panchinaro | Buona Media | Assistman,60%
VASQUEZ JOHAN,D,Genoa,85/100,6.14,6.22,6.17,Titolare | Buona Media | Falloso,80%
GALLO ANTONINO,D,Lecce,84/100,5.99,5.62,6.00,Titolare | Buona Media,40%
PAVLOVIC STRAHINJA,D,Milan,84/100,6.62,6.11,nd,Outsider | Titolare | Buona Media | Falloso,40%
CELIK ZEKI,D,Roma,82/100,6.26,5.75,5.80,Titolare | Buona Media | Falloso,60%
RRAHMANI AMIR,D,Napoli,81/100,6.45,6.19,6.14,Titolare,60%
,D,,N/A,N/A,N/A,N/A,,N/A
BREMER GLAISON,D,Juventus,81/100,6.81,6.30,6.37,Titolare | Buona Media,40%
,D,,N/A,N/A,N/A,N/A,,N/A
VALERI EMANUELE,D,Parma,80/100,6.09,6.26,5.62,Titolare | Assistman,60%
PEDERSEN MARCUS,D,Torino,80/100,5.95,5.54,5.73,Titolare | Buona Media | Assistman,60%
PONGRACIC MARIN,D,Fiorentina,80/100,5.67,5.73,5.79,Titolare,40%
BUONGIORNO ALESSANDRO,D,Napoli,79/100,5.86,6.45,6.57,Outsider | Titolare,60%
DELPRATO ENRICO,D,Parma,79/100,6.01,6.21,nd,Outsider | Titolare | Assistman,60%
MIRANDA JUAN,D,Bologna,79/100,6.11,6.16,nd,Outsider | Titolare | Buona Media | Falloso,60%
ATHEKAME ZACHARY,D,Milan,79/100,6.53,nd,nd,Titolare | Assistman | Giovane talento,60%
DUMFRIES DENZEL,D,Inter,79/100,6.58,7.02,6.57,Outsider | Titolare | Buona Media | Assistman,60%
SMOLCIC IVAN,D,Como,78/100,5.84,5.75,nd,Panchinaro,60%
LIMA WESLEY,D,Roma,78/100,6.47,nd,nd,Outsider | Titolare | Buona Media | Assistman | Giovane talento,80%
,D,,N/A,N/A,N/A,N/A,,N/A
GABBIA MATTEO,D,Milan,78/100,5.84,6.04,6.30,Panchinaro,60%
,D,,N/A,N/A,N/A,N/A,,N/A
KELLY LLOYD,D,Juventus,77/100,6.07,5.63,nd,Panchinaro | Buona Media,40%
OLIVERA MATHIAS,D,Napoli,77/100,5.68,6.05,5.90,Titolare | Assistman,60%
BELLANOVA RAOUL,D,Atalanta,77/100,5.82,6.27,6.38,Outsider | Titolare,80%
ROMAGNOLI ALESSIO,D,Lazio,77/100,5.91,5.90,5.83,Titolare | Buona Media,60%
BEUKEMA SAM,D,Napoli,77/100,6.15,5.94,6.04,Titolare | Goleador,60%
KEMPF MARC OLIVER,D,Como,77/100,6.52,5.73,nd,Outsider | Titolare | Goleador,60%
ANGELINO JOSE ANGEL,D,Roma,76/100,5.67,6.33,5.82,Outsider | Titolare | Buona Media | Assistman,60%
AKANJI MANUEL OBAFEMI,D,Inter,76/100,6.41,nd,nd,Titolare | Buona Media,80%
NDICKA EVAN,D,Roma,76/100,6.32,6.03,5.92,Titolare | Buona Media | Falloso,60%
MARTIN AARON,D,Genoa,76/100,6.10,6.34,5.84,Outsider | Titolare | Goleador | Assistman,60%
VALLE ALEX,D,Como,75/100,6.23,5.73,nd,Titolare | Giovane talento,60%
TOMORI FIKAYO,D,Milan,75/100,5.88,5.79,6.37,Titolare | Buona Media,60%
BASTONI ALESSANDRO,D,Inter,75/100,6.34,6.59,6.41,Titolare | Buona Media,60%
DJIMSITI BERAT,D,Atalanta,75/100,5.80,5.89,5.88,Panchinaro | Buona Media,60%
ZORTEA NADIR,D,Bologna,75/100,5.89,6.63,6.62,Titolare | Buona Media | Assistman,60%
ZALEWSKI NICOLA,D,Atalanta,75/100,6.40,6.22,5.76,Panchinaro | Assistman | Falloso | Giovane talento,60%
COCO SAUL,D,Torino,75/100,5.91,5.81,nd,Outsider | Titolare | Buona Media | Falloso,60%
BISSECK YANN AUREL,D,Inter,75/100,6.65,6.46,7.06,Outsider | Panchinaro,60%
MARUSIC ADAM,D,Lazio,74/100,5.97,6.17,5.74,Titolare | Assistman,60%
SPINAZZOLA LEONARDO,D,Napoli,73/100,6.53,6.25,6.30,Outsider | Panchinaro | Buona Media | Assistman,20%
BARTESAGHI DAVIDE,D,Milan,73/100,6.05,nd,nd,Panchinaro | Giovane talento,80%
GUTIERREZ MIGUEL,D,Napoli,73/100,6.17,nd,nd,Titolare | Assistman | Falloso,80%
PELLEGRINI LUCA,D,Lazio,73/100,5.81,6.11,5.77,Panchinaro | Buona Media,60%
HERMOSO MARIO,D,Roma,73/100,6.41,4.88,nd,Panchinaro | Buona Media | Falloso,60%
SOLET OUMAR,D,Udinese,72/100,6.40,6.29,nd,Outsider | Titolare | Buona Media,80%
WALUKIEWICZ SEBASTIAN,D,Sassuolo,72/100,5.74,5.58,5.62,Titolare | Falloso,40%
IDZES JAY,D,Sassuolo,72/100,5.91,5.97,nd,Titolare | Goleador,40%
MAZZOCCHI PASQUALE,D,Napoli,72/100,6.10,5.65,5.64,Panchinaro | Assistman | Falloso,60%
SCALVINI GIORGIO,D,Atalanta,71/100,6.44,5.25,6.08,Titolare | Giovane talento,80%
RENSCH DEVYNE,D,Roma,70/100,6.48,6.19,nd,Panchinaro | Assistman | Falloso | Giovane talento,40%
RANIERI LUCA,D,Fiorentina,70/100,5.79,5.82,5.93,Titolare | Buona Media,80%
,D,,N/A,N/A,N/A,N/A,,N/A
NAVEROS JACOBO RAMON,D,Como,70/100,6.14,nd,nd,Titolare | Giovane talento,60%
OBERT ADAM,D,Cagliari,69/100,5.82,6.05,5.29,Titolare,80%
LAZARO VALENTINO,D,Torino,69/100,5.70,5.97,6.07,Outsider | Panchinaro,60%
GATTI FEDERICO,D,Juventus,69/100,6.22,6.22,6.11,Titolare,40%
GILA MARIO,D,Lazio,69/100,5.95,5.82,5.93,Panchinaro,60%
PARISI FABIANO,D,Fiorentina,69/100,5.98,6.22,5.64,Panchinaro | Buona Media | Assistman,60%
EHIZIBUE KINGLSLEY,D,Udinese,69/100,5.96,5.82,5.86,Outsider | Titolare | Assistman,60%
TAVARES NUNO,D,Lazio,69/100,5.80,6.52,nd,Titolare | Assistman,40%
GHILARDI DANIELE,D,Roma,69/100,5.95,5.54,nd,Titolare | Falloso | Giovane talento,60%
OSTIGARD LEO,D,Genoa,69/100,6.52,nd,5.97,Outsider | Titolare | Falloso,80%
ZAPPA GABRIELE,D,Cagliari,68/100,5.98,5.88,5.90,Titolare | Buona Media | Falloso,60%
SABELLI STEFANO,D,Genoa,68/100,5.65,5.93,5.87,Titolare | Buona Media | Falloso,60%
KAIKI BRUNO,D,Como,68/100,nd,nd,nd,Titolare | Buona Media,60%
MUHAREMOVIć TARIK,D,Sassuolo,68/100,5.89,nd,nd,Titolare | Buona Media | Giovane talento,60%
LUCUMI' JHON,D,Bologna,68/100,5.89,5.71,6.09,Titolare,60%
MINA YERRY,D,Cagliari,68/100,6.17,6.05,6.39,Titolare | Buona Media | Rigorista | Falloso,40%
HOLM EMIL,D,Bologna,67/100,6.44,6.13,6.16,Outsider | Panchinaro | Buona Media | Falloso,60%
OBRADOR RAFA,D,Torino,67/100,6.62,nd,nd,Panchinaro | Falloso,60%
KAMARA HASSANE,D,Udinese,67/100,5.87,6.05,6.12,Titolare | Assistman,60%
,D,,N/A,N/A,N/A,N/A,,N/A
PROVSTGAARD OLIVER,D,Lazio,66/100,5.85,6.50,nd,Panchinaro,60%
KRISTENSEN THOMAS,D,Udinese,66/100,6.23,5.65,5.73,Panchinaro | Giovane talento,40%
HIEN ISAK,D,Atalanta,66/100,5.86,5.78,5.85,Outsider | Titolare | Buona Media | Falloso,60%
JIMENEZ ALEX,D,Fiorentina,66/100,5.00,5.83,nd,Panchinaro | Giovane talento,60%
VAN DER BREMPT IGNACE,D,Como,66/100,5.96,5.94,nd,Panchinaro | Assistman | Giovane talento,40%
GABRIEL TIAGO,D,Lecce,65/100,6.01,6.25,nd,Panchinaro | Giovane talento,60%
,D,,N/A,N/A,N/A,N/A,,N/A
PAVARD BENJAMIN,D,Inter,65/100,6.50,6.05,6.28,Titolare | Buona Media,60%
LAZZARI MANUEL,D,Lazio,65/100,5.74,5.86,5.91,Titolare | Buona Media | Assistman,80%
MARCANDALLI ALESSANDRO,D,Genoa,65/100,5.84,5.75,nd,Panchinaro | Giovane talento,60%
KOLASINAC SEAD,D,Atalanta,65/100,5.94,6.09,6.07,Titolare,40%
DE WINTER KONI,D,Milan,64/100,5.86,6.23,5.73,Titolare | Buona Media | Giovane talento,60%
ESTUPINAN PERVIS,D,Milan,64/100,5.71,nd,nd,Outsider | Titolare | Assistman,60%
EBOSSE ENZO,D,Torino,64/100,5.71,5.25,nd,Titolare,60%
AHANOR HONEST,D,Atalanta,64/100,5.70,nd,nd,Outsider | Panchinaro | Goleador | Giovane talento,80%
CIRCATI ALESSANDRO,D,Parma,64/100,5.92,5.75,nd,Outsider | Titolare | Falloso | Giovane talento,60%
DE VRIJ STEFAN,D,Inter,63/100,6.06,6.60,6.41,Panchinaro | Buona Media,60%
ISMAJLI ARDIAN,D,Torino,62/100,5.90,6.11,5.67,Titolare | Buona Media,60%
,D,,N/A,N/A,N/A,N/A,,N/A
VEIGA DANILO,D,Lecce,62/100,5.69,5.73,nd,Titolare | Giovane talento,60%
PAZ YEFERSON,D,Sassuolo,62/100,nd,nd,nd,Outsider | Panchinaro | Falloso | Giovane talento,80%
ROUHI JONAS JAKOB,D,Juventus,62/100,nd,nd,nd,Panchinaro | Giovane talento,80%
DRAGUSIN RADU,D,Fiorentina,62/100,nd,nd,6.45,Outsider | Titolare | Goleador | Giovane talento,60%
VALENTINI NICOLAS,D,Fiorentina,62/100,5.63,5.43,nd,Titolare,60%
NORTON-CUFFY BROOKE,D,Genoa,62/100,6.09,5.70,nd,Titolare | Giovane talento,60%
KABASELE CHRISTIAN,D,Udinese,62/100,6.14,6.37,5.80,Titolare,60%
MARIPAN GUILLERMO,D,Torino,62/100,6.07,5.91,nd,Titolare | Buona Media,20%
BERNASCONI LORENZO,D,Atalanta,62/100,6.16,nd,nd,Panchinaro | Assistman | Giovane talento,40%
,D,,N/A,N/A,N/A,N/A,,N/A
MANGAS RICARDO,D,Monza,61/100,nd,nd,nd,Titolare,60%
ZANOLI ALESSANDRO,D,Udinese,61/100,6.29,5.98,5.75,Titolare | Assistman,80%
CABAL JUAN,D,Juventus,61/100,6.56,6.25,5.71,Outsider | Panchinaro | Falloso | Giovane talento,60%
TROILO MARIANO,D,Parma,61/100,nd,nd,nd,Outsider | Titolare | Buona Media | Piazzati | Falloso | Giovane talento,80%
MARIO JOAO,D,Fiorentina,60/100,6.00,nd,nd,Outsider | Titolare | Buona Media | Giovane talento,80%
BIRINDELLI SAMUELE,D,Monza,60/100,nd,6.35,5.85,Titolare | Falloso | Giovane talento,60%
IDRISSI RIYAD,D,Cagliari,60/100,6.09,nd,nd,Titolare | Giovane talento,60%
,D,,N/A,N/A,N/A,N/A,,N/A
DARMIAN MATTEO,D,Inter,60/100,6.00,6.42,6.21,Titolare | Buona Media | Assistman,60%
POSCH STEFAN,D,Como,60/100,6.38,5.77,6.15,Titolare | Assistman,60%
PATRIC PATRICIO GABARRON,D,Lazio,60/100,5.75,5.93,6.29,Panchinaro,60%
ALHASSANE RAHIM,D,Bologna,59/100,nd,nd,nd,Panchinaro,60%
KOFLER RAPHAEL,D,Cagliari,59/100,nd,nd,nd,Titolare | Giovane talento,60%
MARIANUCCI LUCA,D,Torino,59/100,5.71,nd,nd,Panchinaro | Buona Media,60%
HEGGEM TORBJOR,D,Bologna,59/100,5.83,nd,nd,Panchinaro,80%
KOSSOUNOU ODILON,D,Atalanta,59/100,6.09,5.97,nd,Panchinaro | Giovane talento,60%
HALHAL REDOUANE,D,Venezia,58/100,nd,nd,nd,Titolare,60%
ACERBI FRANCESCO,D,Inter,58/100,5.97,6.18,6.56,Titolare | Buona Media,60%
VALENTI LAUTARO,D,Parma,58/100,5.83,5.85,nd,Panchinaro | Falloso,20%
PIERAGNOLO EDOARDO,D,Sassuolo,58/100,nd,nd,nd,Outsider | Panchinaro | Buona Media,80%
,D,,N/A,N/A,N/A,N/A,,N/A
DOIG JOSH,D,Sassuolo,58/100,5.76,nd,5.76,Titolare | Buona Media | Falloso | Giovane talento,60%
SIEBERT JAMIL,D,Lecce,58/100,5.75,nd,nd,Titolare | Falloso,60%
DA SILVA JOSE ZE PEDRO,D,Cagliari,58/100,5.68,nd,nd,Outsider | Panchinaro | Buona Media,60%
GARCIA ULISSES,D,Sassuolo,58/100,6.46,nd,nd,Titolare,60%
MODESTO RUI,D,Udinese,58/100,6.25,6.04,nd,Outsider | Titolare | Assistman,60%
BIRAGHI CRISTIANO,D,Torino,57/100,5.59,5.90,6.02,Titolare | Assistman | Rigorista | Piazzati,60%
BERTOLA NICOLO,D,Udinese,57/100,5.84,nd,nd,Titolare | Giovane talento,60%
ARIZALA JUAN,D,Udinese,57/100,nd,nd,nd,Outsider | Panchinaro | Assistman | Giovane talento,60%
KOUADIO EDDY,D,Monza,56/100,nd,nd,nd,Titolare | Buona Media | Giovane talento,60%
VITIK MARTIN,D,Bologna,56/100,5.86,nd,nd,Titolare | Buona Media | Falloso | Giovane talento,60%
ILIC MIHAJLO,D,Bologna,56/100,nd,nd,nd,Panchinaro | Giovane talento,60%
MASINA ADAM,D,Torino,56/100,5.63,6.14,5.81,Titolare | Falloso,60%
TSIMIKAS KONSTANTINOS,D,Roma,56/100,5.69,nd,nd,Panchinaro,60%
ZEMURA JORDAN,D,Udinese,56/100,5.77,6.00,6.00,Panchinaro,60%
BRACAGLIA GABRIELE,D,Frosinone,56/100,nd,nd,nd,Titolare,60%
CALVANI GABRIELE,D,Frosinone,56/100,nd,nd,nd,Titolare,60%
CARBONI ANDREA,D,Monza,55/100,nd,5.66,6.00,Titolare | Giovane talento,60%
MULLEN SENAN,D,Torino,55/100,nd,nd,nd,Panchinaro | Giovane talento,60%
ODENTHAL CAS,D,Sassuolo,55/100,nd,nd,nd,Titolare | Buona Media | Falloso,80%
GASPAR KIOLANDA,D,Lecce,54/100,5.64,6.13,nd,Titolare | Falloso | Giovane talento,60%
CASALE NICOLO',D,Bologna,54/100,5.65,5.50,5.56,Titolare,80%
,D,,N/A,N/A,N/A,N/A,,N/A
HAPS RIDGECIANO,D,Venezia,54/100,nd,6.03,6.00,Panchinaro,60%
BAKKER MITCHEL,D,Atalanta,54/100,nd,6.00,6.00,Panchinaro | Falloso,60%
PALACIOS TOMAS,D,Inter,54/100,nd,5.08,nd,Outsider | Panchinaro | Falloso,60%
GIGOT SAMUEL,D,Lazio,54/100,nd,6.70,nd,Panchinaro | Goleador,40%
HYSAJ ELSEID,D,Lazio,53/100,5.50,6.13,5.66,Panchinaro,60%
FORTINI NICCOLO',D,Fiorentina,53/100,5.96,nd,nd,Outsider | Panchinaro | Giovane talento,60%
ODOGU DAVID,D,Milan,53/100,nd,nd,nd,Panchinaro | Giovane talento,80%
DEMBELÉ ALI,D,Torino,53/100,5.00,5.89,nd,Panchinaro | Giovane talento,60%
HELLAND EIVIND,D,Bologna,53/100,5.43,nd,nd,Outsider | Panchinaro | Falloso | Giovane talento,60%
LUCCHESI LORENZO,D,Monza,52/100,nd,nd,nd,Panchinaro,60%
OTOA SEBASTIAN,D,Genoa,52/100,5.41,4.67,nd,Panchinaro | Giovane talento,60%
NDIAYE ABDOULAYE,D,Parma,52/100,5.36,nd,nd,Outsider | Titolare | Goleador | Giovane talento,60%
RODRIGUEZ JUAN,D,Cagliari,52/100,5.72,nd,nd,Panchinaro | Giovane talento,80%
TOURE ISSAK,D,Udinese,52/100,nd,5.35,nd,Panchinaro | Giovane talento,60%
NKOUNKOU NIELS PATRICK,D,Torino,51/100,5.81,nd,nd,Outsider | Panchinaro,60%
OYONO ANTHONY,D,Frosinone,51/100,nd,nd,5.75,Titolare,40%
,D,,N/A,N/A,N/A,N/A,,N/A
LIGUE JUNIOR,D,Venezia,51/100,nd,nd,nd,Panchinaro | Giovane talento,60%
CANDÈ FALI,D,Sassuolo,50/100,5.56,5.84,nd,Panchinaro | Falloso,60%
BONFANTI GIOVANNI,D,Atalanta,50/100,5.56,nd,nd,Panchinaro | Buona Media | Giovane talento,60%
HAINAUT ANTOINE,D,Venezia,50/100,nd,nd,nd,Panchinaro | Falloso | Giovane talento,40%
ROMAGNA FILIPPO,D,Sassuolo,50/100,5.70,nd,nd,Panchinaro,60%
RATERINK OTHNIËL,D,Cagliari,49/100,nd,nd,nd,Panchinaro,60%
CUENCA ANDRÉS,D,Como,49/100,nd,nd,nd,Panchinaro,60%
SVERKO MARIN,D,Venezia,49/100,nd,5.86,nd,Panchinaro | Falloso,60%
GOLDANIGA EDOARDO,D,Como,49/100,nd,5.72,5.54,Panchinaro | Falloso,60%
JEAN GABY,D,Lecce,49/100,5.67,5.75,nd,Titolare,60%
AKPOGUMA KEVIN,D,Frosinone,49/100,nd,nd,nd,Panchinaro,60%
CORREIA THIERRY,D,Venezia,48/100,nd,nd,nd,Panchinaro,60%
DE SILVESTRI LORENZO,D,Bologna,48/100,5.95,6.10,6.77,Panchinaro,80%
SAGRADO RICHIE,D,Venezia,48/100,nd,5.33,nd,Titolare | Falloso | Giovane talento,40%
,D,,N/A,N/A,N/A,N/A,,N/A
BAKOUNE ADAM,D,Monza,47/100,nd,nd,nd,Panchinaro,60%
NDABA CORRIE RICHARD,D,Lecce,47/100,5.50,nd,nd,Panchinaro,60%
DELLI CARRI FILIPPO,D,Monza,47/100,nd,nd,nd,Panchinaro | Giovane talento,80%
MONTERISI ILARIO,D,Frosinone,46/100,nd,nd,6.25,Panchinaro | Giovane talento,60%
BRORSSON ARVID,D,Monza,46/100,nd,5.38,nd,Outsider | Panchinaro | Giovane talento,60%
GOGLICHIDZE SABA,D,Udinese,46/100,5.58,5.69,nd,Panchinaro | Giovane talento,60%
BELLA-KOTCHAP ARMEL,D,Venezia,46/100,5.75,nd,nd,Panchinaro | Giovane talento,20%
FRANJIC BARTOL,D,Venezia,46/100,nd,nd,nd,Panchinaro,60%
ANTOV VALENTIN,D,Monza,45/100,nd,nd,nd,Panchinaro,60%
UBANI MARLON,D,Lecce,45/100,nd,nd,nd,Panchinaro | Giovane talento,80%
KALAJ SERGIO,D,Frosinone,45/100,nd,nd,nd,Panchinaro,60%
OYONO JÉRÉMY,D,Frosinone,45/100,nd,nd,nd,Panchinaro,60%
CORRADO NICCOLÒ,D,Frosinone,45/100,nd,nd,nd,Panchinaro,60%
KOUASSI CHRIST-OWEN,D,Lecce,44/100,5.50,nd,nd,Panchinaro | Buona Media | Falloso | Giovane talento,80%
ALTARE GIORGIO,D,Venezia,44/100,nd,5.75,nd,Titolare | Falloso,80%
AMEY WISDOM,D,Frosinone,43/100,nd,nd,nd,Panchinaro | Giovane talento,80%
SCHINGTIENNE JOEL,D,Venezia,43/100,nd,5.63,nd,Panchinaro | Giovane talento,60%
SAZONOV SABA,D,Torino,42/100,nd,5.00,5.69,Panchinaro | Falloso | Giovane talento,60%
CITTADINI GIORGIO,D,Frosinone,41/100,nd,nd,5.75,Panchinaro | Giovane talento,40%
MORENO MATIAS,D,Venezia,40/100,nd,5.67,nd,Panchinaro | Giovane talento,60%
ZIOLKOWSKI JAN,D,Roma,39/100,5.78,nd,nd,Outsider | Panchinaro | Falloso | Giovane talento,80%
PEREZ MATIAS,D,Lecce,32/100,5.00,nd,nd,Panchinaro,60%
VIERY FERNANDES,D,Fiorentina,0/100,nd,nd,nd,Panchinaro | Giovane talento,60%
VALDEPEÑAS VÍCTOR,D,Fiorentina,0/100,nd,nd,nd,Titolare | Giovane talento,60%
PAZ NICO,C,Como,98/100,7.30,6.89,nd,Fuoriclasse | Titolare | Buona Media | Goleador | Assistman | Rigorista | Piazzati | Giovane talento,60%
DA CUNHA LUCAS,C,Como,96/100,6.91,6.38,nd,Titolare | Buona Media | Piazzati,60%
SAELEMAEKERS ALEXIS,C,Milan,94/100,6.41,7.36,6.54,Outsider | Titolare | Buona Media | Goleador | Assistman,80%
GAETANO GIANLUCA,C,Atalanta,93/100,6.31,6.42,6.88,Outsider | Titolare | Buona Media | Goleador | Assistman | Rigorista | Piazzati,60%
BARELLA NICOLO',C,Inter,93/100,6.71,6.65,6.59,Fuoriclasse | Titolare | Buona Media,80%
PULISIC CHRISTIAN,C,Milan,93/100,7.07,7.47,7.44,Fuoriclasse | Titolare | Goleador | Rigorista | Piazzati,60%
DE KETELAERE CHARLES,C,Atalanta,92/100,6.60,7.02,7.39,Fuoriclasse | Panchinaro | Goleador | Assistman | Piazzati | Falloso | Giovane talento,60%
ORSOLINI RICCARDO,C,Bologna,92/100,6.76,8.19,7.19,Fuoriclasse | Titolare | Buona Media | Goleador | Rigorista | Piazzati,40%
LOCATELLI MANUEL,C,Juventus,91/100,6.19,6.27,5.96,Titolare | Buona Media | Goleador,60%
VLASIC NIKOLA,C,Torino,90/100,6.66,6.67,6.19,Titolare | Buona Media | Assistman,60%
RABIOT ADRIEN,C,Milan,88/100,6.95,nd,6.52,Titolare | Buona Media | Goleador,60%
MCTOMINAY SCOTT,C,Napoli,88/100,7.26,7.70,nd,Fuoriclasse | Titolare | Goleador | Piazzati,60%
ZIELINSKI PIOTR,C,Inter,87/100,6.77,6.34,6.33,Outsider | Titolare | Buona Media | Goleador,60%
PASALIC MARIO,C,Atalanta,86/100,6.27,6.14,6.82,Titolare | Buona Media | Goleador | Rigorista,60%
MCKENNIE WESTON,C,Juventus,86/100,6.64,6.22,6.33,Panchinaro | Buona Media | Falloso,60%
GUDMUNDSSON ALBERT,C,Fiorentina,86/100,6.34,6.65,7.70,Outsider | Titolare | Buona Media | Goleador | Assistman | Rigorista | Falloso,80%
THURAM KHEPHREN,C,Juventus,86/100,6.40,6.75,nd,Titolare | Buona Media | Falloso,80%
CRISTANTE BRYAN,C,Roma,86/100,6.22,6.63,6.37,Titolare | Buona Media,60%
POLITANO MATTEO,C,Napoli,85/100,6.36,6.47,6.96,Titolare | Buona Media | Goleador | Piazzati,80%
MKHITARYAN HENRIKH,C,Inter,85/100,6.59,6.34,6.70,Fuoriclasse | Titolare | Buona Media | Assistman,40%
LOBOTKA STANISLAV,C,Napoli,85/100,6.10,6.09,5.92,Fuoriclasse | Titolare | Buona Media,60%
DE BRUYNE KEVIN,C,Napoli,83/100,7.24,nd,nd,Fuoriclasse | Titolare | Goleador | Assistman | Rigorista | Piazzati,40%
NERES DAVID,C,Napoli,83/100,6.84,6.75,nd,Outsider | Titolare | Assistman | Piazzati,60%
EDERSON DOS SANTOS,C,Atalanta,83/100,6.43,6.53,6.59,Outsider | Titolare | Buona Media | Goleador | Assistman,80%
FRENDRUP MORTEN,C,Genoa,83/100,5.97,6.03,6.41,Titolare | Buona Media | Falloso,60%
ADOPO MICHEL,C,Cagliari,82/100,5.88,5.91,6.00,Titolare,60%
HENRIQUE LUIS,C,Inter,81/100,6.04,nd,nd,Outsider | Titolare | Buona Media | Assistman,80%
BATURINA MARTIN,C,Como,81/100,7.12,nd,nd,Titolare | Goleador | Assistman | Piazzati | Falloso | Giovane talento,60%
,C,,N/A,N/A,N/A,N/A,,N/A
PERRONE MAXIMO,C,Como,81/100,6.47,5.94,nd,Titolare | Falloso,60%
COLPANI ANDREA,C,Monza,79/100,nd,6.05,6.97,Outsider | Titolare | Buona Media | Goleador | Giovane talento,60%
CALHANOGLU HAKAN,C,Inter,79/100,7.64,7.02,7.83,Titolare | Buona Media | Goleador | Assistman | Rigorista | Piazzati,80%
,C,,N/A,N/A,N/A,N/A,,N/A
ORISTANIO GAETANO,C,Parma,78/100,5.92,6.39,6.39,Outsider | Titolare | Goleador | Falloso | Giovane talento,60%
BERNABE ADRIAN,C,Parma,78/100,6.48,6.47,nd,Outsider | Titolare | Buona Media | Goleador | Assistman | Rigorista | Piazzati | Giovane talento,60%
,C,,N/A,N/A,N/A,N/A,,N/A
DE ROON MARTEN,C,Atalanta,78/100,6.00,6.60,5.97,Titolare | Buona Media,80%
FOFANA YOUSSOUF,C,Milan,78/100,6.06,6.24,nd,Titolare | Buona Media | Assistman,60%
ZANIOLO NICOLO',C,Udinese,78/100,6.77,6.22,nd,Titolare | Buona Media | Assistman,60%
MALINOVSKYI RUSLAN,C,Genoa,77/100,6.51,6.50,6.50,Titolare | Buona Media | Goleador | Assistman | Rigorista | Piazzati,80%
SUCIC PETAR,C,Inter,77/100,6.27,nd,nd,Panchinaro | Buona Media | Giovane talento,80%
THORSTVEDT KRISTIAN,C,Sassuolo,76/100,6.47,nd,6.41,Titolare | Buona Media | Goleador,40%
ZACCAGNI MATTIA,C,Lazio,76/100,5.96,6.95,6.54,Fuoriclasse | Titolare | Buona Media | Goleador | Assistman | Rigorista,80%
STREFEZZA GABRIEL,C,Parma,76/100,6.57,6.71,5.87,Titolare | Assistman | Piazzati,60%
KOOPMEINERS TEUN,C,Juventus,76/100,5.55,6.41,7.63,Titolare | Buona Media | Piazzati | Falloso,60%
ATTA ARTHUR,C,Fiorentina,76/100,6.88,5.89,nd,Panchinaro | Goleador | Rigorista | Giovane talento,60%
FAGIOLI NICOLÒ,C,Fiorentina,75/100,6.23,6.04,6.00,Titolare | Buona Media | Assistman | Piazzati,60%
RICCI SAMUELE,C,Milan,75/100,6.16,6.03,5.89,Outsider | Titolare | Buona Media | Giovane talento,60%
BRESCIANINI MARCO,C,Fiorentina,74/100,6.29,6.43,6.47,Outsider | Panchinaro | Goleador | Piazzati,60%
CAQUERET MAXENCE,C,Como,74/100,6.38,6.82,nd,Titolare | Assistman,60%
MALDINI DANIEL,C,Atalanta,74/100,6.31,6.66,6.73,Outsider | Panchinaro,60%
CASADEI CESARE,C,Torino,74/100,6.45,6.27,nd,Outsider | Titolare | Buona Media | Assistman,80%
MODRIC LUKA,C,Milan,74/100,6.67,nd,nd,Fuoriclasse | Titolare | Assistman | Rigorista | Piazzati,60%
EL AYNAOUI NEIL,C,Roma,74/100,6.10,nd,nd,Outsider | Titolare | Buona Media | Goleador,80%
KONÈ ISMAEL,C,Sassuolo,74/100,6.63,nd,nd,Titolare,60%
DELE-BASHIRU FISAYO,C,Lazio,74/100,5.83,6.63,nd,Outsider | Panchinaro | Goleador | Giovane talento,60%
ROWE JONATHAN DAVID HENRY,C,Bologna,74/100,6.62,nd,nd,Outsider | Titolare | Goleador | Giovane talento,60%
EKKELENKAMP JURGEN PETER,C,Udinese,74/100,6.61,6.31,nd,Panchinaro,60%
VERGARA ANTONIO,C,Napoli,74/100,6.50,nd,nd,Outsider | Titolare | Giovane talento,60%
PELLEGRINI LORENZO,C,Roma,73/100,6.58,5.89,6.91,Panchinaro | Assistman | Rigorista | Piazzati,60%
NDOUR CHER,C,Fiorentina,73/100,6.07,5.64,nd,Outsider | Panchinaro | Goleador | Giovane talento,60%
KONE MANU,C,Roma,73/100,6.53,6.38,nd,Titolare | Buona Media,40%
PISILLI NICCOLO,C,Roma,72/100,6.52,6.13,nd,Panchinaro | Giovane talento,60%
BERNARDESCHI FEDERICO,C,Bologna,72/100,6.52,nd,nd,Panchinaro,60%
CATALDI DANILO,C,Lazio,71/100,6.41,6.43,5.95,Titolare,60%
ELLERTSSON MIKAEL EGILL,C,Genoa,71/100,5.91,6.20,nd,Titolare | Piazzati | Giovane talento,60%
SOTTIL RICCARDO,C,Lecce,71/100,6.24,6.12,6.44,Titolare | Assistman | Falloso,40%
ANGUISSA ANDRÈ FRANK ZAMBO,C,Napoli,71/100,6.86,7.05,5.85,Titolare | Buona Media,60%
KEITA MANDELA,C,Parma,71/100,6.06,5.66,nd,Titolare | Falloso | Giovane talento,60%
LAHDO ADRIAN,C,Como,70/100,nd,nd,nd,Titolare | Buona Media | Assistman | Giovane talento,60%
POBEGA TOMMASO,C,Bologna,70/100,6.17,6.25,5.93,Panchinaro | Buona Media | Falloso,60%
ZERBIN ALESSIO,C,Frosinone,70/100,5.79,6.11,5.93,Panchinaro | Goleador | Giovane talento,60%
BALDANZI TOMMASO,C,Genoa,70/100,6.36,5.95,6.28,Outsider | Panchinaro | Buona Media | Goleador | Giovane talento,60%
,C,,N/A,N/A,N/A,N/A,,N/A
CALÒ GIACOMO,C,Frosinone,70/100,nd,nd,nd,Outsider | Titolare | Buona Media | Goleador | Piazzati,60%
RAMADANI YLBER,C,Lecce,70/100,5.85,5.92,5.73,Titolare | Falloso,60%
FABBIAN GIOVANNI,C,Fiorentina,69/100,6.05,6.50,6.73,Panchinaro | Goleador | Falloso | Giovane talento,60%
SAMARDZIC LAZAR,C,Atalanta,69/100,6.29,6.28,6.77,Outsider | Titolare | Buona Media | Goleador | Assistman | Piazzati | Giovane talento,60%
MESSIAS JUNIOR,C,Genoa,69/100,6.68,6.03,6.38,Panchinaro | Assistman | Rigorista | Piazzati,60%
STANKOVI? ALEKSANDAR,C,Inter,69/100,nd,nd,nd,Titolare | Buona Media | Assistman | Giovane talento,60%
NICOLUSSI CAVIGLIA HANS,C,Parma,69/100,6.02,6.53,6.00,Outsider | Titolare | Buona Media | Goleador | Piazzati | Giovane talento,60%
ODGAARD JENS,C,Bologna,68/100,6.61,nd,nd,Outsider | Titolare | Goleador,60%
MORO NIKOLA,C,Bologna,68/100,6.12,6.03,6.22,Panchinaro,40%
KARLSTROM JESPER,C,Udinese,68/100,5.96,5.79,nd,Titolare | Buona Media,60%
COULIBALY LASSANA,C,Lecce,68/100,6.29,6.03,5.66,Panchinaro | Buona Media,60%
FERGUSON LEWIS,C,Bologna,67/100,5.77,6.39,6.97,Titolare | Falloso,20%
ZHEGROVA EDON,C,Juventus,67/100,5.88,nd,nd,Outsider | Titolare | Buona Media,40%
GANDELMAN OMRI,C,Lecce,67/100,6.44,nd,nd,Panchinaro | Goleador,60%
GILMOUR BILLY,C,Napoli,67/100,6.27,6.06,nd,Panchinaro | Buona Media | Falloso,60%
DIOUF ANDY ALUNE,C,Inter,66/100,6.41,nd,nd,Panchinaro | Assistman | Giovane talento,80%
LOFTUS-CHEEK RUBEN,C,Milan,66/100,6.52,5.76,6.73,Panchinaro | Buona Media,60%
PESSINA MATTEO,C,Monza,65/100,nd,5.95,6.50,Titolare | Buona Media | Assistman | Piazzati,60%
FADERA ALIEU,C,Como,65/100,6.15,6.02,nd,Outsider | Panchinaro | Assistman | Giovane talento,60%
FRATTESI DAVIDE,C,Inter,65/100,5.89,6.83,7.00,Panchinaro | Buona Media | Goleador,60%
KOSTIC FILIP,C,Juventus,64/100,7.20,nd,6.00,Panchinaro | Assistman | Falloso,40%
AKINSANMIRO EBENEZER,C,Monza,64/100,5.80,nd,nd,Titolare,80%
PIOTROWSKI JAKUB,C,Udinese,64/100,5.95,nd,nd,Outsider | Panchinaro,60%
SORENSEN JENSEN OLIVIER,C,Parma,64/100,5.95,nd,nd,Outsider | Titolare,60%
TAYLOR KENNETH,C,Lazio,64/100,6.47,nd,nd,Titolare | Goleador,60%
DUNCAN ALFRED,C,Venezia,63/100,nd,5.79,6.50,Titolare | Piazzati,40%
MIRETTI FABIO,C,Juventus,63/100,6.20,6.42,5.92,Panchinaro | Giovane talento,60%
PRATI MATTEO,C,Cagliari,63/100,5.88,5.80,5.94,Titolare | Piazzati | Giovane talento,60%
GINEITIS GVIDAS,C,Torino,63/100,5.81,6.22,6.20,Titolare | Giovane talento,60%
BAYEYE BRIAN JEPHTE,C,Torino,63/100,nd,nd,nd,Panchinaro,60%
ILKHAN EMIRHAN,C,Torino,63/100,6.00,nd,nd,Panchinaro | Goleador | Assistman | Piazzati | Giovane talento,60%
MILLA LUIS,C,Como,62/100,nd,nd,nd,Titolare,60%
MATIC NEMANJA,C,Sassuolo,62/100,5.94,nd,nd,Titolare | Buona Media | Assistman | Falloso,60%
VOLPATO CRISTIAN,C,Sassuolo,62/100,6.45,nd,6.03,Panchinaro | Buona Media | Assistman | Piazzati | Giovane talento,80%
LIBERALI MATTIA,C,Como,61/100,nd,nd,nd,Titolare | Giovane talento,60%
ESTEVEZ NAHUEL,C,Parma,61/100,5.78,5.71,nd,Panchinaro | Falloso,60%
DEIOLA ALESSANDRO,C,Cagliari,61/100,5.95,6.17,5.40,Panchinaro,40%
MARCHWINSKI FILIP,C,Lecce,61/100,nd,nd,nd,Panchinaro | Giovane talento,40%
BUSIO GIANLUCA,C,Venezia,61/100,nd,5.90,nd,Titolare | Giovane talento,60%
BASIC TOMA,C,Venezia,61/100,6.40,nd,5.35,Panchinaro | Falloso,80%
AMONDARAIN MIKEL,C,Bologna,60/100,nd,nd,nd,Panchinaro | Giovane talento,60%
RISPOLI FABIO,C,Como,60/100,nd,nd,nd,Titolare | Giovane talento,60%
ROVELLA NICOLO,C,Lazio,60/100,5.68,6.02,6.08,Panchinaro | Buona Media | Piazzati | Giovane talento,60%
JASHARI ARDON,C,Milan,60/100,5.79,nd,nd,Outsider | Titolare | Buona Media | Assistman,100%
FELICI MATTIA,C,Cagliari,60/100,6.55,5.97,nd,Outsider | Panchinaro | Goleador,60%
CICHELLA MATTEO,C,Frosinone,60/100,nd,nd,nd,Titolare | Giovane talento,60%
SOHM SIMON,C,Venezia,59/100,5.63,6.27,nd,Outsider | Titolare | Buona Media | Assistman,60%
ORDONEZ CHRISTIAN NAHUEL,C,Parma,59/100,5.81,nd,nd,Panchinaro | Buona Media | Assistman | Giovane talento,60%
WINKS HARRY,C,Cagliari,59/100,nd,nd,nd,Titolare | Buona Media | Falloso,60%
MASINI PATRIZIO,C,Genoa,59/100,5.90,nd,nd,Titolare | Buona Media,60%
SULEMANA IBRAHIM,C,Cagliari,59/100,5.79,7.08,6.13,Panchinaro | Giovane talento,80%
LELLA NUNZIO,C,Venezia,59/100,nd,nd,nd,Panchinaro | Giovane talento,60%
COLOMBO LEONARDO,C,Monza,58/100,nd,nd,nd,Panchinaro | Giovane talento,60%
CORNET MAXWEL,C,Genoa,58/100,4.50,7.25,nd,Panchinaro | Goleador,60%
BOLOCA DANIEL,C,Sassuolo,58/100,5.75,nd,5.81,Outsider | Titolare | Falloso,60%
LIPANI LUCA,C,Sassuolo,57/100,5.90,nd,5.92,Outsider | Titolare | Giovane talento,60%
DAGASSO MATTEO,C,Venezia,57/100,nd,nd,nd,Panchinaro,60%
ROMANO ALESSANDRO,C,Cagliari,57/100,nd,nd,nd,Panchinaro | Giovane talento,60%
PERCIUN SERGIU,C,Torino,57/100,nd,nd,nd,Outsider | Panchinaro | Giovane talento,60%
LITETA JOSEPH,C,Cagliari,57/100,nd,nd,nd,Panchinaro | Giovane talento,60%
KOUTSOUPIAS ILIAS,C,Frosinone,57/100,nd,nd,nd,Titolare,60%
CIURRIA PATRICK,C,Monza,56/100,nd,6.00,5.86,Panchinaro | Buona Media | Assistman,60%
TAMEZE ADRIEN,C,Torino,56/100,5.59,5.81,5.76,Panchinaro | Falloso,80%
FAZZINI JACOPO,C,Cagliari,56/100,5.83,7.03,5.98,Outsider | Panchinaro | Buona Media | Goleador | Piazzati,80%
ILIC IVAN,C,Torino,55/100,5.88,5.93,6.41,Panchinaro,60%
BELAHYANE REDA,C,Lazio,55/100,5.82,5.58,6.00,Titolare | Buona Media | Giovane talento,60%
BEGIC TJAS,C,Parma,55/100,nd,nd,nd,Panchinaro,60%
VRANKX ASTER,C,Sassuolo,55/100,5.57,nd,nd,Panchinaro | Goleador | Piazzati,60%
MILLER LENNON LEE,C,Udinese,55/100,5.93,nd,nd,Titolare | Buona Media | Assistman | Piazzati | Falloso | Giovane talento,80%
NGOM OUMAR,C,Lecce,55/100,5.64,nd,nd,Panchinaro | Giovane talento,60%
ANJORIN TINO,C,Torino,55/100,5.72,6.57,nd,Outsider | Titolare | Assistman,60%
EL HADDAD SAAD,C,Venezia,55/100,nd,nd,nd,Panchinaro | Giovane talento,60%
YEBOAH JOHN,C,Venezia,54/100,nd,5.94,nd,Panchinaro,60%
ONDREJKA JACOB,C,Parma,53/100,5.63,7.85,nd,Panchinaro | Goleador | Assistman,20%
EL AZZOUZI OUSSAMA,C,Bologna,53/100,nd,nd,7.06,Panchinaro,60%
CUENCA HUGO,C,Genoa,52/100,nd,nd,nd,Panchinaro | Giovane talento,40%
SALA HERRERO ÁLEX,C,Lecce,52/100,6.00,nd,nd,Panchinaro | Goleador | Falloso,60%
ZARRAGA OIER,C,Udinese,52/100,5.70,5.94,6.93,Panchinaro | Buona Media,60%
FORSON OMARI,C,Monza,52/100,nd,5.70,nd,Panchinaro | Giovane talento,60%
ADZIC VASILIJE,C,Juventus,52/100,6.88,6.00,nd,Panchinaro | Giovane talento,60%
BOHINEN EMIL,C,Venezia,52/100,nd,5.00,5.82,Panchinaro,80%
PEREZ KIKE,C,Venezia,51/100,nd,6.16,nd,Panchinaro | Falloso,60%
IANNONI EDOARDO,C,Sassuolo,51/100,6.50,nd,nd,Panchinaro | Buona Media,80%
ONANA JEAN,C,Genoa,50/100,5.75,5.79,nd,Panchinaro,80%
KOVAC NIKO,C,Lecce,50/100,nd,nd,nd,Panchinaro | Buona Media | Giovane talento,60%
AZZOUZI ANOUAR EL,C,Frosinone,50/100,nd,nd,nd,Panchinaro,60%
FANNE LAMINE,C,Venezia,49/100,nd,nd,nd,Panchinaro,60%
HELGASON THORIR J.,C,Venezia,49/100,5.63,6.25,nd,Titolare | Piazzati,40%
CYPRIEN WYLAN,C,Parma,49/100,nd,5.75,nd,Panchinaro,60%
BERISHA MEDON,C,Lecce,49/100,6.92,nd,nd,Outsider | Panchinaro,60%
BJARKASON BJARKI STEINN,C,Venezia,49/100,nd,5.75,nd,Panchinaro,60%
GORTER OLAF,C,Lecce,48/100,nd,nd,nd,Panchinaro | Giovane talento,80%
HASA LUIS,C,Frosinone,48/100,nd,nd,nd,Panchinaro | Assistman | Falloso | Giovane talento,60%
KONE BEN LHASSINE,C,Frosinone,48/100,nd,nd,nd,Panchinaro,60%
FOFANA SADIK,C,Lecce,46/100,5.50,nd,nd,Panchinaro | Falloso,40%
CAMARA DRISSA,C,Parma,45/100,nd,5.92,nd,Panchinaro | Falloso | Giovane talento,40%
GELLI FRANCESCO,C,Frosinone,42/100,nd,nd,5.76,Panchinaro | Falloso,60%
OULAÏ CHRIST INAO,C,Fiorentina,0/100,nd,nd,nd,Titolare | Buona Media | Assistman | Giovane talento,60%
THURAM MARCUS,A,Inter,95/100,7.95,7.72,7.95,Fuoriclasse | Titolare | Buona Media | Goleador | Assistman,60%
MARTINEZ LAUTARO,A,Inter,93/100,8.25,7.61,8.81,Fuoriclasse | Titolare | Buona Media | Goleador | Rigorista,80%
DOUVIKAS ANASTASIOS,A,Como,91/100,7.38,6.75,nd,Outsider | Titolare | Goleador | Rigorista,60%
YILDIZ KENAN,A,Juventus,88/100,7.30,7.02,6.09,Outsider | Titolare | Goleador | Rigorista | Piazzati | Giovane talento,60%
SIMEONE GIOVANNI,A,Torino,88/100,7.09,6.11,5.83,Outsider | Titolare | Goleador,60%
MALEN DONYELL,A,Roma,87/100,8.84,nd,nd,Outsider | Titolare | Goleador,60%
COLOMBO LORENZO,A,Genoa,86/100,6.41,6.32,6.39,Titolare | Goleador | Rigorista | Falloso | Giovane talento,60%
HOJLUND RASMUS,A,Napoli,86/100,7.56,nd,nd,Outsider | Titolare | Goleador,60%
CONCEICAO FRANCISCO,A,Juventus,85/100,6.70,6.50,nd,Outsider | Panchinaro | Piazzati | Falloso | Giovane talento,60%
VLAHOVIC DUSAN,A,Juventus,84/100,7.31,7.48,7.60,Panchinaro | Buona Media | Goleador | Rigorista | Piazzati,60%
PICCOLI ROBERTO,A,Fiorentina,83/100,6.23,6.81,6.45,Titolare | Falloso,60%
LEAO RAFAEL,A,Milan,83/100,6.86,7.16,7.39,Fuoriclasse | Titolare | Buona Media | Goleador | Assistman,60%
DYBALA PAULO,A,Roma,83/100,6.74,7.34,8.29,Fuoriclasse | Titolare | Buona Media | Goleador | Assistman | Rigorista | Piazzati,40%
KRSTOVIC NIKOLA,A,Atalanta,81/100,7.19,6.90,6.32,Titolare | Buona Media | Goleador | Rigorista,60%
PELLEGRINO MATEO,A,Parma,81/100,6.65,6.86,nd,Outsider | Titolare | Goleador | Rigorista,60%
PIEROTTI SANTIAGO DANIEL,A,Lecce,81/100,5.84,6.12,6.25,Outsider | Titolare | Buona Media | Rigorista | Giovane talento,60%
KEAN MOISE,A,Fiorentina,80/100,6.77,8.07,5.92,Fuoriclasse | Titolare | Buona Media | Goleador | Rigorista | Falloso,80%
LUKAKU ROMELU,A,Napoli,78/100,9.50,7.64,7.26,Fuoriclasse | Titolare | Goleador | Rigorista,40%
SOULE' MATIAS,A,Roma,78/100,6.83,7.04,7.12,Outsider | Titolare | Buona Media | Goleador | Assistman | Giovane talento,40%
NKUNKU CHRISTOPHER,A,Milan,78/100,6.98,nd,nd,Titolare,40%
OPENDA LOIS,A,Juventus,78/100,6.00,nd,nd,Outsider | Titolare | Buona Media | Goleador | Assistman | Rigorista,60%
PINAMONTI ANDREA,A,Sassuolo,78/100,6.62,6.73,6.75,Titolare | Buona Media | Goleador | Rigorista,60%
BONNY ANGE-YOAN,A,Inter,77/100,6.83,6.56,nd,Titolare | Buona Media | Assistman | Giovane talento,80%
ESPOSITO FRANCESCO PIO,A,Inter,76/100,6.97,nd,nd,Outsider | Panchinaro | Buona Media | Giovane talento,80%
BOGA JEREMIE,A,Juventus,76/100,7.07,nd,nd,Titolare | Goleador | Assistman,60%
DAVIS KEINAN,A,Udinese,75/100,7.37,6.40,5.88,Panchinaro | Rigorista,60%
SCAMACCA GIANLUCA,A,Atalanta,75/100,7.55,nd,7.85,Outsider | Titolare | Goleador | Rigorista | Falloso,40%
ESPOSITO SEBASTIANO,A,Cagliari,75/100,6.88,6.69,nd,Outsider | Titolare | Buona Media | Goleador,80%
ADAMS CHÈ,A,Torino,75/100,6.64,6.70,nd,Outsider | Titolare | Goleador | Rigorista | Piazzati,60%
ADAMS AKOR,A,Venezia,74/100,nd,nd,nd,Titolare | Buona Media | Goleador | Assistman,60%
GIMENEZ SANTIAGO,A,Milan,74/100,5.53,6.77,nd,Outsider | Titolare | Goleador | Rigorista,60%
DIA BOULAYE,A,Lazio,74/100,5.86,6.91,6.53,Outsider | Panchinaro | Buona Media | Goleador | Rigorista,40%
FRIGAN MATIJA,A,Parma,74/100,nd,nd,nd,Outsider | Panchinaro | Goleador | Falloso | Giovane talento,60%
NOSLIN TIJJANI,A,Lazio,73/100,6.48,6.42,6.97,Titolare,60%
SANTANA DO NASCIMENTO GIOVANE,A,Napoli,73/100,6.45,nd,nd,Outsider | Titolare | Rigorista | Giovane talento,80%
RASPADORI GIACOMO,A,Atalanta,73/100,6.79,7.22,6.48,Titolare | Goleador,60%
DAVID JONATHAN CHRISTIAN,A,Juventus,72/100,6.33,nd,nd,Titolare | Buona Media | Goleador | Rigorista,80%
ABOUKHLAL ZAKARIA,A,Torino,72/100,5.64,nd,nd,Outsider | Titolare | Goleador | Piazzati,60%
SANTOS ALISSON,A,Napoli,72/100,7.11,nd,nd,Titolare | Goleador | Giovane talento,60%
MENDY PAUL,A,Cagliari,72/100,nd,nd,nd,Outsider | Titolare | Goleador | Giovane talento,60%
LAURIENTE' ARMAND,A,Sassuolo,71/100,6.99,nd,6.51,Outsider | Titolare,40%
MILIK ARKADIUSZ,A,Juventus,71/100,6.00,nd,6.48,Panchinaro | Buona Media | Piazzati,40%
CUTRONE PATRICK,A,Monza,71/100,5.93,6.73,nd,Titolare | Buona Media | Goleador,80%
CANCELLIERI MATTEO,A,Lazio,71/100,6.29,6.15,6.15,Panchinaro | Falloso | Giovane talento,80%
RATKOV PETAR,A,Lazio,71/100,5.64,nd,nd,Titolare | Goleador | Giovane talento,40%
MOTA CARVALHO DANY,A,Monza,70/100,nd,6.36,6.44,Titolare | Buona Media,40%
FULLKRUG NICLAS,A,Milan,70/100,5.79,nd,nd,Panchinaro,40%
ISAKSEN GUSTAV,A,Lazio,70/100,6.59,6.37,6.46,Panchinaro | Goleador,60%
BERARDI DOMENICO,A,Sassuolo,69/100,7.19,nd,8.06,Fuoriclasse | Titolare | Goleador | Assistman | Rigorista | Piazzati,40%
NZOLA M'BALA,A,Sassuolo,69/100,6.26,nd,6.13,Titolare | Buona Media | Goleador | Rigorista,60%
FERGUSON EVAN,A,Roma,69/100,6.86,nd,nd,Outsider | Panchinaro | Giovane talento,80%
DOVBYK ARTEM,A,Bologna,69/100,6.77,7.10,nd,Outsider | Panchinaro | Buona Media | Goleador | Rigorista,60%
ZAPATA DUVAN,A,Torino,69/100,6.10,7.33,7.31,Panchinaro | Goleador | Rigorista,40%
PIERINI NICHOLAS,A,Sassuolo,67/100,5.88,5.75,nd,Outsider | Panchinaro | Buona Media | Goleador | Rigorista | Piazzati,60%
CHEDDIRA WALID,A,Lecce,67/100,6.62,nd,6.71,Panchinaro | Goleador,60%
BANDA LAMECK,A,Lecce,67/100,6.55,5.79,6.33,Titolare | Buona Media,40%
STULIC NIKOLA,A,Lecce,67/100,6.24,nd,nd,Outsider | Titolare | Goleador | Rigorista | Giovane talento,60%
PEDRO ELEIZIER R. LEDESMA,A,Lazio,67/100,6.78,7.33,6.00,Panchinaro | Goleador | Rigorista,40%
VITINHA VITOR MANUEL,A,Genoa,66/100,6.36,6.29,7.00,Titolare | Buona Media | Assistman | Piazzati,40%
EL SHAARAWY STEPHAN,A,Roma,66/100,6.33,6.65,6.41,Panchinaro | Buona Media | Assistman,60%
RODRIGUEZ JESUS,A,Como,66/100,6.66,nd,nd,Panchinaro | Goleador | Giovane talento,60%
SULEMANA KAMALDEEN,A,Atalanta,65/100,6.24,nd,nd,Titolare | Assistman | Piazzati,40%
EKUBAN CALEB,A,Genoa,65/100,6.43,6.35,6.68,Titolare | Buona Media,40%
RRAHMANI ALBION,A,Venezia,63/100,nd,nd,nd,Titolare,60%
BALDE KEITA,A,Monza,63/100,nd,6.40,nd,Panchinaro | Goleador,60%
ALBARRACÍN AGUSTÍN,A,Cagliari,63/100,nd,nd,nd,Panchinaro | Giovane talento,60%
CAMBIAGHI NICOLO,A,Bologna,63/100,6.42,6.50,6.20,Outsider | Titolare | Buona Media | Giovane talento,60%
DALLINGA THIJS,A,Bologna,63/100,6.13,6.41,nd,Panchinaro,60%
DIAO ASSANE,A,Como,62/100,6.32,8.07,nd,Titolare | Goleador | Rigorista | Giovane talento,80%
TOURE EL BILAL,A,Atalanta,62/100,nd,nd,6.71,Panchinaro | Giovane talento,40%
GALAZZI NICOLAS,A,Monza,61/100,nd,nd,nd,Panchinaro | Assistman | Giovane talento,60%
SAVVA ZANOS,A,Torino,60/100,nd,nd,nd,Panchinaro | Giovane talento,40%
VARELA GUSTAVO,A,Monza,59/100,nd,nd,nd,Titolare | Giovane talento,60%
ALMQVIST PONTUS,A,Parma,59/100,6.06,5.67,6.16,Titolare,60%
BORRELLI GENNARO,A,Cagliari,58/100,6.46,nd,6.00,Panchinaro | Falloso,60%
TRAORE CHAKA,A,Milan,58/100,nd,nd,10.00,Panchinaro | Giovane talento,60%
OSEI ADDAI JAYDEN,A,Como,58/100,6.54,nd,nd,Panchinaro | Assistman | Giovane talento,40%
MORO LUCA,A,Sassuolo,57/100,5.50,nd,nd,Outsider | Panchinaro | Giovane talento,80%
ADORANTE ANDREA,A,Venezia,57/100,nd,nd,nd,Panchinaro,80%
GHEDJEMIS FARES,A,Frosinone,57/100,nd,nd,6.10,Titolare | Goleador | Piazzati,60%
EKHATOR OSAYUKI JEFF,A,Genoa,57/100,6.28,nd,nd,Panchinaro | Giovane talento,60%
BUKSA ADAM,A,Udinese,57/100,6.20,nd,nd,Titolare | Goleador,60%
ZARAGOZA BRYAN,A,Roma,57/100,6.00,nd,nd,Panchinaro | Assistman,60%
N'DRI KONAN,A,Lecce,56/100,6.09,5.86,nd,Panchinaro | Assistman | Piazzati,40%
NJIE ALIEU,A,Torino,56/100,6.15,6.27,nd,Outsider | Panchinaro | Giovane talento,60%
IBRAHIMOVIC ARIJON,A,Lazio,55/100,nd,nd,6.00,Panchinaro | Giovane talento,60%
MORATA ALVARO,A,Como,55/100,5.21,6.79,nd,Outsider | Titolare | Buona Media | Goleador | Rigorista,60%
PETAGNA ANDREA,A,Monza,55/100,nd,5.33,6.00,Panchinaro | Falloso,60%
SKJELLERUP LAURS,A,Sassuolo,54/100,nd,nd,nd,Panchinaro | Giovane talento,60%
KUHN NICOLAS-GERRIT,A,Como,54/100,6.25,nd,nd,Titolare | Goleador,60%
VAZ ROBINIO,A,Roma,54/100,6.36,nd,nd,Panchinaro | Goleador | Giovane talento,60%
KULENOVIC SANDRO,A,Torino,54/100,5.79,nd,nd,Outsider | Panchinaro | Goleador,60%
VLAHOVIC VANJA,A,Atalanta,54/100,nd,6.00,nd,Panchinaro | Giovane talento,60%
MUTANDWA KINGSTONE,A,Cagliari,52/100,nd,5.90,nd,Panchinaro | Giovane talento,60%
CICHERO ALEJANDRO,A,Frosinone,52/100,nd,nd,nd,Panchinaro,60%
BARCELLA KEVIN,A,Frosinone,52/100,nd,nd,nd,Panchinaro,60%
BAYO VAKOUN,A,Udinese,51/100,5.83,nd,nd,Panchinaro,60%
GUEYE IDRISSA,A,Udinese,50/100,5.93,nd,nd,Panchinaro | Giovane talento,80%
TREPY YAEL,A,Cagliari,49/100,6.88,nd,nd,Panchinaro | Giovane talento,60%
DOMINGUEZ BENJA,A,Bologna,48/100,6.04,6.83,nd,Outsider | Panchinaro | Giovane talento,60%
CAMARDA FRANCESCO,A,Lecce,47/100,5.64,nd,nd,Outsider | Panchinaro | Rigorista | Giovane talento,80%
KVERNADZE GIORGI,A,Frosinone,47/100,nd,nd,5.75,Titolare | Giovane talento,60%
BURNETE RARES,A,Lecce,46/100,nd,5.50,nd,Panchinaro | Giovane talento,60%
RAIMONDO ANTONIO,A,Frosinone,46/100,nd,6.00,nd,Panchinaro | Giovane talento,60%
FINI SEYDOU,A,Frosinone,41/100,5.50,nd,nd,Panchinaro | Giovane talento,60%
