Nome,Squadra,Presenze,MediaVoto,Fantamedia,Gol,GolSubiti,RigoriSegnati,RigoriTirati,RigoriParati,Assist,Ammonizioni,Espulsioni
Di Francesco F.,LEC,1.0,7.0,10.0,1.0,0.0,0.0,0.0,0.0,0.0,0.0,0.0
Traore' C.,MIL,1.0,7.0,10.0,1.0,0.0,0.0,0.0,0.0,0.0,0.0,0.0
Biraschi,GEN,1.0,6.0,9.0,1.0,0.0,0.0,0.0,0.0,0.0,0.0,0.0
Martinez L.,INT,33.0,6.65,8.73,24.0,0.0,2.0,3.0,0.0,2.0,5.0,0.0
Dybala,ROM,27.0,6.48,8.2,13.0,0.0,7.0,7.0,0.0,9.0,3.0,0.0
Berardi,SAS,17.0,6.53,8.06,9.0,0.0,5.0,5.0,0.0,2.0,6.0,0.0
Scamacca,ATA,28.0,6.41,7.89,12.0,0.0,0.0,0.0,0.0,6.0,1.0,0.0
Osimhen,NAP,25.0,6.36,7.88,15.0,0.0,3.0,5.0,0.0,2.0,4.0,1.0
Thuram,INT,35.0,6.54,7.81,13.0,0.0,0.0,0.0,0.0,7.0,3.0,0.0
Giroud,MIL,34.0,6.26,7.71,15.0,0.0,4.0,5.0,0.0,8.0,0.0,1.0
Calhanoglu,INT,32.0,6.47,7.7,13.0,0.0,10.0,10.0,0.0,3.0,5.0,0.0
Niang,EMP,14.0,6.36,7.68,6.0,0.0,4.0,4.0,0.0,1.0,1.0,0.0
Gudmundsson A.,GEN,35.0,6.47,7.64,14.0,0.0,4.0,5.0,0.0,4.0,4.0,0.0
Lookman,ATA,30.0,6.37,7.63,11.0,0.0,0.0,0.0,0.0,7.0,4.0,0.0
Koopmeiners,ATA,34.0,6.4,7.53,12.0,0.0,2.0,2.0,0.0,5.0,5.0,0.0
Pulisic,MIL,36.0,6.33,7.5,12.0,0.0,0.0,0.0,0.0,7.0,2.0,0.0
Vlahovic,JUV,33.0,6.18,7.42,16.0,0.0,2.0,4.0,0.0,3.0,6.0,1.0
Leao,MIL,33.0,6.39,7.41,9.0,0.0,0.0,0.0,0.0,9.0,5.0,0.0
Noslin,VER,17.0,6.35,7.41,5.0,0.0,0.0,0.0,0.0,4.0,2.0,0.0
Gonzalez N.,FIO,29.0,6.31,7.4,12.0,0.0,1.0,3.0,0.0,2.0,1.0,0.0
Zirkzee,BOL,34.0,6.43,7.4,11.0,0.0,2.0,2.0,0.0,4.0,8.0,0.0
De Ketelaere,ATA,33.0,6.32,7.39,10.0,0.0,1.0,1.0,0.0,8.0,1.0,0.0
Zapata D.,TOR,37.0,6.26,7.36,13.0,0.0,0.0,0.0,0.0,3.0,2.0,0.0
Vitinha O.,GEN,6.0,6.42,7.33,2.0,0.0,0.0,0.0,0.0,0.0,2.0,0.0
Castrovilli,FIO,5.0,6.3,7.3,1.0,0.0,0.0,0.0,0.0,2.0,0.0,0.0
Kvaratskhelia,NAP,34.0,6.25,7.25,11.0,0.0,0.0,0.0,0.0,5.0,8.0,0.0
Lukaku,ROM,32.0,6.09,7.2,13.0,0.0,0.0,1.0,0.0,3.0,5.0,1.0
Radonjic,TOR,8.0,6.06,7.19,3.0,0.0,0.0,0.0,0.0,0.0,1.0,0.0
Dimarco,INT,30.0,6.48,7.18,5.0,0.0,0.0,0.0,0.0,6.0,0.0,0.0
Chiesa,JUV,32.0,6.28,7.17,9.0,0.0,1.0,1.0,0.0,2.0,1.0,0.0
Simic J.,MIL,3.0,6.17,7.17,1.0,0.0,0.0,0.0,0.0,0.0,0.0,0.0
Belotti,FIO,24.0,6.21,7.1,6.0,0.0,0.0,0.0,0.0,4.0,1.0,0.0
Soule',FRO,36.0,6.29,7.07,11.0,0.0,5.0,6.0,0.0,2.0,4.0,0.0
Orsolini,BOL,31.0,6.16,7.06,10.0,0.0,2.0,3.0,0.0,2.0,2.0,0.0
Pavoletti,CAG,14.0,6.25,7.04,4.0,0.0,0.0,0.0,0.0,1.0,4.0,0.0
Okafor,MIL,24.0,6.21,7.02,6.0,0.0,0.0,0.0,0.0,2.0,1.0,0.0
Odgaard,BOL,9.0,6.22,7.0,2.0,0.0,0.0,0.0,0.0,1.0,1.0,0.0
Frattesi,INT,28.0,6.27,7.0,6.0,0.0,0.0,0.0,0.0,3.0,1.0,0.0
Bisseck,INT,11.0,6.36,7.0,2.0,0.0,0.0,0.0,0.0,1.0,0.0,0.0
Maldini,MON,16.0,6.19,6.97,4.0,0.0,0.0,0.0,0.0,1.0,1.0,0.0
Pellegrini Lo.,ROM,29.0,6.14,6.95,8.0,0.0,1.0,1.0,0.0,3.0,7.0,0.0
Ferguson,BOL,31.0,6.39,6.94,6.0,0.0,0.0,0.0,0.0,3.0,8.0,0.0
Zarraga,UDI,7.0,6.07,6.93,2.0,0.0,0.0,0.0,0.0,0.0,0.0,0.0
Colpani,MON,38.0,6.2,6.92,8.0,0.0,0.0,0.0,0.0,4.0,1.0,0.0
Arnautovic,INT,24.0,6.15,6.9,5.0,0.0,0.0,0.0,0.0,3.0,0.0,0.0
Bonaventura,FIO,31.0,6.21,6.89,8.0,0.0,0.0,1.0,0.0,3.0,6.0,0.0
Politano,NAP,37.0,6.19,6.89,8.0,0.0,2.0,3.0,0.0,7.0,2.0,1.0
Pasalic,ATA,33.0,6.21,6.89,6.0,0.0,2.0,2.0,0.0,6.0,3.0,0.0
Gaetano,CAG,17.0,6.12,6.88,5.0,0.0,1.0,1.0,0.0,0.0,2.0,1.0
Candreva,SAL,34.0,6.21,6.87,6.0,0.0,1.0,1.0,0.0,7.0,5.0,0.0
Ngonge,NAP,28.0,6.14,6.86,7.0,0.0,0.0,0.0,0.0,2.0,6.0,0.0
Fabbian,BOL,22.0,6.23,6.86,5.0,0.0,0.0,0.0,0.0,1.0,4.0,0.0
Luis Alberto,LAZ,32.0,6.27,6.84,5.0,0.0,0.0,0.0,0.0,7.0,7.0,0.0
Thauvin,UDI,25.0,6.2,6.84,5.0,0.0,1.0,1.0,0.0,3.0,4.0,0.0
El Azzouzi,BOL,9.0,6.11,6.83,2.0,0.0,0.0,0.0,0.0,2.0,4.0,0.0
Simy,SAL,11.0,6.0,6.82,3.0,0.0,0.0,0.0,0.0,0.0,0.0,0.0
Miranchuk,ATA,22.0,6.2,6.82,3.0,0.0,0.0,0.0,0.0,5.0,1.0,0.0
Zurkowski,EMP,13.0,6.04,6.81,4.0,0.0,0.0,0.0,0.0,0.0,4.0,0.0
Jovic,MIL,19.0,5.89,6.79,6.0,0.0,0.0,0.0,0.0,1.0,2.0,1.0
Harroui,FRO,17.0,6.15,6.79,3.0,0.0,1.0,1.0,0.0,3.0,2.0,0.0
Retegui,GEN,29.0,6.09,6.79,7.0,0.0,1.0,1.0,0.0,2.0,5.0,0.0
Vecino,LAZ,25.0,6.16,6.78,6.0,0.0,0.0,0.0,0.0,1.0,8.0,0.0
Zaccagni,LAZ,28.0,6.23,6.77,6.0,0.0,0.0,0.0,0.0,1.0,8.0,0.0
Azmoun,ROM,15.0,6.23,6.77,3.0,0.0,0.0,0.0,0.0,0.0,4.0,0.0
Sanchez,INT,19.0,6.18,6.76,2.0,0.0,1.0,1.0,0.0,5.0,0.0,0.0
Cheddira,FRO,31.0,6.05,6.76,7.0,0.0,1.0,1.0,0.0,1.0,0.0,0.0
Luvumbo,CAG,30.0,6.27,6.75,4.0,0.0,0.0,0.0,0.0,5.0,5.0,0.0
Lucca,UDI,34.0,6.04,6.75,8.0,0.0,0.0,0.0,0.0,3.0,6.0,0.0
Samardzic,UDI,33.0,6.18,6.74,6.0,0.0,1.0,1.0,0.0,2.0,3.0,0.0
Aouar,ROM,13.0,5.92,6.73,4.0,0.0,0.0,0.0,0.0,0.0,3.0,0.0
Viola,CAG,25.0,6.2,6.7,5.0,0.0,0.0,1.0,0.0,2.0,3.0,0.0
Pinamonti,SAS,37.0,5.92,6.7,11.0,0.0,2.0,3.0,0.0,1.0,4.0,0.0
Muriel,ATA,13.0,6.15,6.69,2.0,0.0,0.0,0.0,0.0,1.0,0.0,0.0
Loftus-Cheek,MIL,29.0,6.12,6.69,6.0,0.0,0.0,0.0,0.0,1.0,5.0,0.0
Mkhitaryan,INT,36.0,6.4,6.68,2.0,0.0,0.0,0.0,0.0,6.0,4.0,0.0
De Silvestri,BOL,12.0,6.17,6.67,2.0,0.0,0.0,0.0,0.0,0.0,0.0,0.0
Djuric,MON,36.0,6.08,6.67,9.0,0.0,1.0,3.0,0.0,2.0,4.0,0.0
Ekuban,GEN,23.0,6.09,6.65,4.0,0.0,0.0,0.0,0.0,1.0,0.0,0.0
Beltran L.,FIO,30.0,6.12,6.65,6.0,0.0,1.0,1.0,0.0,1.0,6.0,0.0
Malinovskyi,GEN,23.0,6.22,6.63,4.0,0.0,0.0,0.0,0.0,1.0,7.0,0.0
Zortea,FRO,19.0,6.16,6.63,2.0,0.0,0.0,0.0,0.0,5.0,4.0,0.0
Barak,FIO,13.0,6.08,6.62,2.0,0.0,0.0,0.0,0.0,2.0,2.0,0.0
Davis K.,UDI,5.0,6.2,6.6,1.0,0.0,0.0,0.0,0.0,0.0,2.0,0.0
Felipe Anderson,LAZ,38.0,6.08,6.59,5.0,0.0,0.0,0.0,0.0,6.0,3.0,0.0
Immobile,LAZ,28.0,5.91,6.59,7.0,0.0,4.0,4.0,0.0,1.0,8.0,0.0
Pereyra,UDI,26.0,6.12,6.58,4.0,0.0,1.0,1.0,0.0,3.0,6.0,0.0
Calafiori,BOL,27.0,6.35,6.57,2.0,0.0,0.0,0.0,0.0,4.0,4.0,0.0
Elmas,NAP,9.0,6.0,6.56,2.0,0.0,0.0,0.0,0.0,0.0,2.0,0.0
Ederson D.s.,ATA,36.0,6.14,6.56,6.0,0.0,0.0,0.0,0.0,1.0,8.0,0.0
Toure' E.,ATA,9.0,6.0,6.56,2.0,0.0,0.0,0.0,0.0,0.0,2.0,0.0
Swiderski,VER,13.0,6.08,6.54,2.0,0.0,0.0,0.0,0.0,0.0,0.0,0.0
Barella,INT,37.0,6.38,6.53,2.0,0.0,0.0,0.0,0.0,3.0,7.0,0.0
Dumfries,INT,30.0,6.1,6.53,4.0,0.0,0.0,0.0,0.0,3.0,2.0,1.0
Dia,SAL,17.0,5.85,6.53,4.0,0.0,1.0,1.0,0.0,0.0,1.0,0.0
Mazzitelli,FRO,29.0,6.1,6.52,5.0,0.0,0.0,0.0,0.0,0.0,4.0,1.0
Tchaouna,SAL,29.0,6.07,6.52,4.0,0.0,0.0,0.0,0.0,3.0,4.0,0.0
Acerbi,INT,29.0,6.17,6.5,3.0,0.0,0.0,0.0,0.0,1.0,1.0,0.0
Di Gennaro,INT,1.0,6.5,6.5,0.0,0.0,0.0,0.0,0.0,0.0,0.0,0.0
Pinsoglio,JUV,1.0,6.5,6.5,0.0,0.0,0.0,0.0,0.0,0.0,0.0,0.0
Sensi,INT,1.0,6.5,6.5,0.0,0.0,0.0,0.0,0.0,0.0,0.0,0.0
Rossi F.,ATA,1.0,6.5,6.5,0.0,0.0,0.0,0.0,0.0,0.0,0.0,0.0
Rabiot,JUV,31.0,6.08,6.5,5.0,0.0,0.0,0.0,0.0,2.0,8.0,0.0
Buongiorno,TOR,29.0,6.31,6.5,3.0,0.0,0.0,0.0,0.0,0.0,7.0,0.0
Demme,NAP,2.0,6.25,6.5,0.0,0.0,0.0,0.0,0.0,1.0,1.0,0.0
Asllani,INT,16.0,6.22,6.5,1.0,0.0,0.0,0.0,0.0,2.0,1.0,0.0
Maric,MON,7.0,6.07,6.5,1.0,0.0,0.0,0.0,0.0,0.0,0.0,0.0
Ibrahimovic A.,FRO,8.0,6.06,6.5,1.0,0.0,0.0,0.0,0.0,1.0,1.0,0.0
Buchanan T.,INT,7.0,6.07,6.5,1.0,0.0,0.0,0.0,0.0,0.0,0.0,0.0
Castro S.,BOL,5.0,6.0,6.5,1.0,0.0,0.0,0.0,0.0,0.0,1.0,0.0
Oudin,LEC,31.0,6.18,6.48,3.0,0.0,0.0,0.0,0.0,2.0,3.0,0.0
Bennacer,MIL,18.0,6.08,6.47,2.0,0.0,1.0,1.0,0.0,2.0,2.0,0.0
Saelemaekers,BOL,30.0,6.08,6.47,4.0,0.0,0.0,0.0,0.0,3.0,5.0,1.0
Suslov,VER,30.0,6.12,6.47,3.0,0.0,1.0,1.0,0.0,5.0,7.0,0.0
Rugani,JUV,14.0,6.11,6.46,2.0,0.0,0.0,0.0,0.0,0.0,2.0,0.0
Duncan,FIO,26.0,6.08,6.46,2.0,0.0,0.0,0.0,0.0,5.0,2.0,0.0
Milik,JUV,24.0,6.0,6.46,4.0,0.0,0.0,0.0,0.0,1.0,2.0,1.0
Pessina,MON,37.0,6.07,6.46,6.0,0.0,4.0,5.0,0.0,2.0,3.0,1.0
Lauriente',SAS,37.0,5.99,6.46,5.0,0.0,0.0,0.0,0.0,5.0,5.0,0.0
Isaksen,LAZ,23.0,6.07,6.46,3.0,0.0,0.0,0.0,0.0,1.0,3.0,0.0
Bastoni,INT,28.0,6.32,6.45,1.0,0.0,0.0,0.0,0.0,3.0,5.0,0.0
Hernandez T.,MIL,32.0,6.17,6.45,5.0,0.0,1.0,2.0,0.0,3.0,10.0,1.0
Dragusin,GEN,19.0,6.11,6.45,2.0,0.0,0.0,0.0,0.0,1.0,1.0,0.0
Sottil,FIO,18.0,5.97,6.44,2.0,0.0,0.0,0.0,0.0,3.0,1.0,0.0
Raspadori,NAP,33.0,5.98,6.44,5.0,0.0,0.0,1.0,0.0,3.0,0.0,0.0
Brescianini,FRO,35.0,6.09,6.44,4.0,0.0,0.0,0.0,0.0,1.0,1.0,0.0
Shomurodov,CAG,20.0,5.85,6.42,3.0,0.0,0.0,0.0,0.0,3.0,1.0,0.0
Frendrup,GEN,37.0,6.23,6.42,2.0,0.0,0.0,0.0,0.0,4.0,6.0,0.0
De Vrij,INT,22.0,6.27,6.41,1.0,0.0,0.0,0.0,0.0,0.0,0.0,0.0
Piccoli,LEC,32.0,6.02,6.41,5.0,0.0,1.0,1.0,0.0,0.0,5.0,0.0
Martinez Quarta,FIO,28.0,6.04,6.41,5.0,0.0,0.0,0.0,0.0,0.0,9.0,0.0
Mota,MON,33.0,6.0,6.41,4.0,0.0,0.0,0.0,0.0,3.0,3.0,0.0
Folorunsho,VER,33.0,6.0,6.41,5.0,0.0,0.0,0.0,0.0,1.0,5.0,0.0
El Shaarawy,ROM,29.0,6.05,6.4,3.0,0.0,0.0,0.0,0.0,2.0,2.0,0.0
Thorstvedt,SAS,34.0,5.94,6.4,6.0,0.0,0.0,0.0,0.0,1.0,7.0,0.0
Colombo,MON,23.0,5.89,6.39,4.0,0.0,0.0,0.0,0.0,1.0,3.0,0.0
Ilic,TOR,28.0,6.07,6.38,3.0,0.0,0.0,0.0,0.0,1.0,3.0,0.0
Oristanio,CAG,24.0,6.1,6.38,2.0,0.0,0.0,0.0,0.0,1.0,1.0,0.0
Reijnders,MIL,36.0,6.12,6.38,3.0,0.0,0.0,0.0,0.0,4.0,8.0,0.0
Lykogiannis,BOL,18.0,5.97,6.36,2.0,0.0,0.0,0.0,0.0,2.0,2.0,0.0
Bremer,JUV,36.0,6.24,6.36,3.0,0.0,0.0,0.0,0.0,0.0,9.0,0.0
Cristante,ROM,37.0,6.11,6.35,3.0,0.0,0.0,0.0,0.0,4.0,8.0,0.0
Bellanova,TOR,36.0,6.14,6.35,1.0,0.0,0.0,0.0,0.0,7.0,5.0,0.0
Messias,GEN,17.0,6.18,6.35,1.0,0.0,0.0,0.0,0.0,0.0,0.0,0.0
Arthur Melo,FIO,32.0,6.12,6.34,2.0,0.0,1.0,1.0,0.0,2.0,2.0,0.0
Zielinski,NAP,27.0,5.94,6.33,3.0,0.0,1.0,1.0,0.0,2.0,1.0,0.0
Darmian,INT,32.0,6.14,6.33,2.0,0.0,0.0,0.0,0.0,1.0,2.0,0.0
Ravaglia F.,BOL,6.0,6.33,6.33,0.0,3.0,0.0,0.0,1.0,0.0,0.0,0.0
Banda,LEC,21.0,6.07,6.33,2.0,0.0,0.0,0.0,0.0,3.0,5.0,1.0
Schuurs,TOR,9.0,6.11,6.33,1.0,0.0,0.0,0.0,0.0,0.0,2.0,0.0
Tomori,MIL,25.0,6.0,6.32,4.0,0.0,0.0,0.0,0.0,0.0,6.0,1.0
McKennie,JUV,33.0,6.2,6.32,0.0,0.0,0.0,0.0,0.0,7.0,6.0,0.0
Henry,VER,11.0,5.91,6.32,3.0,0.0,0.0,1.0,0.0,0.0,2.0,1.0
Carboni V.,MON,25.0,6.02,6.32,2.0,0.0,0.0,0.0,0.0,2.0,2.0,0.0
Castellanos,LAZ,31.0,5.87,6.32,4.0,0.0,0.0,0.0,0.0,3.0,2.0,0.0
Defrel,SAS,13.0,5.92,6.31,1.0,0.0,0.0,0.0,0.0,2.0,0.0,0.0
Thorsby,GEN,21.0,5.98,6.31,2.0,0.0,0.0,0.0,0.0,2.0,2.0,0.0
Reinier,FRO,16.0,5.97,6.31,2.0,0.0,0.0,0.0,0.0,1.0,3.0,0.0
Cancellieri,EMP,34.0,6.0,6.31,4.0,0.0,0.0,0.0,0.0,2.0,7.0,0.0
Bonazzoli,VER,22.0,5.89,6.3,3.0,0.0,0.0,0.0,0.0,1.0,2.0,0.0
Sansone,LEC,22.0,6.02,6.3,2.0,0.0,0.0,0.0,0.0,2.0,4.0,0.0
Spinazzola,ROM,23.0,6.09,6.3,1.0,0.0,0.0,0.0,0.0,2.0,0.0,0.0
Kouame',FIO,20.0,5.95,6.3,2.0,0.0,0.0,0.0,0.0,1.0,0.0,0.0
Vlasic,TOR,33.0,6.02,6.3,3.0,0.0,0.0,0.0,0.0,2.0,3.0,0.0
Krstovic,LEC,33.0,5.91,6.3,7.0,0.0,1.0,3.0,0.0,1.0,4.0,1.0
Patric,LAZ,19.0,6.08,6.29,2.0,0.0,0.0,0.0,0.0,0.0,4.0,0.0
Kastanos,SAL,24.0,6.0,6.29,3.0,0.0,0.0,0.0,0.0,0.0,5.0,0.0
Kaio Jorge,FRO,14.0,5.93,6.29,3.0,0.0,1.0,2.0,0.0,0.0,2.0,0.0
Yildiz,JUV,21.0,6.05,6.29,2.0,0.0,0.0,0.0,0.0,0.0,3.0,0.0
Mandragora,FIO,30.0,5.95,6.28,3.0,0.0,0.0,0.0,0.0,3.0,5.0,0.0
Cuni,FRO,9.0,5.94,6.28,1.0,0.0,0.0,0.0,0.0,0.0,0.0,0.0
Mina,CAG,15.0,6.03,6.27,2.0,0.0,1.0,1.0,0.0,0.0,5.0,0.0
Bajrami,SAS,24.0,5.94,6.27,2.0,0.0,0.0,0.0,0.0,2.0,0.0,0.0
Baldanzi,ROM,24.0,6.08,6.27,2.0,0.0,0.0,0.0,0.0,0.0,3.0,0.0
Gabbia,MIL,17.0,6.06,6.26,2.0,0.0,0.0,0.0,0.0,0.0,5.0,0.0
Gomez,MON,2.0,6.25,6.25,0.0,0.0,0.0,0.0,0.0,0.0,0.0,0.0
Alex Sandro,JUV,10.0,6.0,6.25,1.0,0.0,0.0,0.0,0.0,0.0,1.0,0.0
Baez,FRO,10.0,6.0,6.25,1.0,0.0,0.0,0.0,0.0,0.0,1.0,0.0
Abraham,ROM,6.0,5.83,6.25,1.0,0.0,0.0,0.0,0.0,0.0,1.0,0.0
Fagioli,JUV,8.0,6.06,6.25,0.0,0.0,0.0,0.0,0.0,2.0,1.0,0.0
Chukwueze,MIL,20.0,6.02,6.25,1.0,0.0,0.0,0.0,0.0,2.0,1.0,0.0
Monterisi,FRO,18.0,5.83,6.25,2.0,0.0,0.0,0.0,0.0,2.0,1.0,0.0
Vignato S.,MON,8.0,6.0,6.25,1.0,0.0,0.0,0.0,0.0,0.0,2.0,0.0
Belahyane,VER,2.0,6.25,6.25,0.0,0.0,0.0,0.0,0.0,0.0,0.0,0.0
Sanabria,TOR,35.0,5.84,6.24,5.0,0.0,2.0,2.0,0.0,0.0,2.0,0.0
Lapadula,CAG,21.0,5.88,6.24,3.0,0.0,1.0,1.0,0.0,0.0,3.0,0.0
Pavard,INT,21.0,6.29,6.24,0.0,0.0,0.0,0.0,0.0,2.0,6.0,0.0
Di Lorenzo,NAP,36.0,6.07,6.21,1.0,0.0,0.0,0.0,0.0,5.0,6.0,0.0
Guendouzi,LAZ,33.0,6.02,6.21,2.0,0.0,0.0,0.0,0.0,3.0,3.0,1.0
Carlos Augusto,INT,35.0,6.14,6.21,0.0,0.0,0.0,0.0,0.0,3.0,1.0,0.0
Moro N.,BOL,17.0,6.03,6.21,1.0,0.0,0.0,0.0,0.0,0.0,0.0,0.0
Pierotti,LEC,7.0,6.07,6.21,0.0,0.0,0.0,0.0,0.0,1.0,0.0,0.0
Cuadrado,INT,10.0,6.05,6.2,0.0,0.0,0.0,0.0,0.0,2.0,1.0,0.0
Mancini,ROM,35.0,5.99,6.2,4.0,0.0,0.0,0.0,0.0,0.0,9.0,0.0
Renato Sanches,ROM,5.0,5.8,6.2,1.0,0.0,0.0,0.0,0.0,0.0,2.0,0.0
Cambiaghi,EMP,37.0,6.14,6.2,1.0,0.0,0.0,0.0,0.0,1.0,3.0,0.0
Nandez,CAG,30.0,6.03,6.2,2.0,0.0,1.0,1.0,0.0,2.0,7.0,0.0
Scalvini,ATA,33.0,6.06,6.2,1.0,0.0,0.0,0.0,0.0,3.0,3.0,0.0
Iling Junior,JUV,20.0,5.98,6.2,1.0,0.0,0.0,0.0,0.0,2.0,1.0,0.0
Lazovic,VER,31.0,5.87,6.19,3.0,0.0,1.0,1.0,0.0,2.0,0.0,1.0
Florenzi,MIL,27.0,6.0,6.19,1.0,0.0,0.0,0.0,0.0,4.0,5.0,0.0
Marchizza,FRO,13.0,6.0,6.19,0.0,0.0,0.0,0.0,0.0,3.0,1.0,0.0
Maggiore,SAL,26.0,5.87,6.19,4.0,0.0,0.0,0.0,0.0,1.0,7.0,1.0
Vasquez,GEN,35.0,6.16,6.19,1.0,0.0,0.0,0.0,0.0,1.0,6.0,0.0
Brekalo,FIO,11.0,5.91,6.18,1.0,0.0,0.0,0.0,0.0,0.0,0.0,0.0
Rodriguez R.,TOR,35.0,6.11,6.17,1.0,0.0,0.0,0.0,0.0,1.0,4.0,0.0
Kayode,FIO,26.0,6.06,6.17,1.0,0.0,0.0,0.0,0.0,1.0,2.0,0.0
Jankto,CAG,16.0,5.84,6.16,1.0,0.0,0.0,0.0,0.0,2.0,0.0,0.0
Kovalenko,EMP,16.0,5.94,6.16,1.0,0.0,0.0,0.0,0.0,1.0,1.0,0.0
Caputo,EMP,20.0,5.7,6.15,3.0,0.0,1.0,1.0,0.0,0.0,0.0,0.0
Rrahmani,NAP,30.0,5.93,6.15,3.0,0.0,0.0,0.0,0.0,0.0,5.0,0.0
Jovane,SAL,10.0,5.9,6.15,1.0,0.0,0.0,0.0,0.0,0.0,1.0,0.0
Posch,BOL,30.0,6.1,6.15,1.0,0.0,0.0,0.0,0.0,2.0,7.0,0.0
Badelj,GEN,32.0,6.05,6.14,1.0,0.0,0.0,0.0,0.0,3.0,6.0,0.0
Adli,MIL,21.0,5.98,6.14,1.0,0.0,0.0,0.0,0.0,2.0,3.0,0.0
Paredes,ROM,34.0,5.99,6.13,3.0,0.0,3.0,3.0,0.0,4.0,14.0,1.0
Sulemana I.,CAG,19.0,5.89,6.13,2.0,0.0,0.0,0.0,0.0,0.0,4.0,0.0
Almqvist,LEC,30.0,5.98,6.13,2.0,0.0,0.0,0.0,0.0,1.0,5.0,0.0
Cambiaso,JUV,34.0,6.0,6.12,2.0,0.0,0.0,0.0,0.0,3.0,10.0,0.0
Biraghi,FIO,28.0,5.96,6.11,2.0,0.0,0.0,1.0,0.0,5.0,8.0,0.0
Danilo,JUV,28.0,6.09,6.11,1.0,0.0,0.0,0.0,0.0,1.0,7.0,0.0
Gatti,JUV,32.0,5.97,6.11,4.0,0.0,0.0,0.0,0.0,0.0,7.0,0.0
Karamoh,TOR,5.0,6.1,6.1,0.0,0.0,0.0,0.0,0.0,0.0,0.0,0.0
Kamara H.,UDI,31.0,6.06,6.1,1.0,0.0,0.0,0.0,0.0,0.0,4.0,0.0
Kamada,LAZ,25.0,5.88,6.1,2.0,0.0,0.0,0.0,0.0,1.0,3.0,0.0
Ghedjemis,FRO,5.0,6.2,6.1,0.0,0.0,0.0,0.0,0.0,0.0,1.0,0.0
Nzola,FIO,29.0,5.74,6.09,3.0,0.0,1.0,1.0,0.0,2.0,2.0,0.0
Lovric,UDI,29.0,5.97,6.09,1.0,0.0,0.0,0.0,0.0,2.0,1.0,1.0
Sambia,SAL,16.0,5.91,6.09,1.0,0.0,0.0,0.0,0.0,2.0,4.0,0.0
Gendrey,LEC,37.0,5.92,6.09,2.0,0.0,0.0,0.0,0.0,3.0,5.0,0.0
Karsdorp,ROM,18.0,6.03,6.08,0.0,0.0,0.0,0.0,0.0,2.0,2.0,0.0
Ikone',FIO,26.0,5.79,6.08,3.0,0.0,0.0,0.0,0.0,1.0,5.0,0.0
Racic,SAS,18.0,5.89,6.08,1.0,0.0,0.0,0.0,0.0,1.0,1.0,0.0
Ruggeri,ATA,33.0,5.97,6.08,0.0,0.0,0.0,0.0,0.0,5.0,3.0,0.0
Ndoye,BOL,31.0,6.02,6.08,1.0,0.0,0.0,0.0,0.0,1.0,4.0,0.0
Holm,ATA,18.0,5.94,6.08,1.0,0.0,0.0,0.0,0.0,1.0,5.0,0.0
Vignato,SAL,7.0,6.0,6.07,0.0,0.0,0.0,0.0,0.0,1.0,1.0,0.0
Bani,GEN,27.0,6.02,6.07,2.0,0.0,0.0,0.0,0.0,0.0,9.0,0.0
Kolasinac,ATA,29.0,6.03,6.07,1.0,0.0,0.0,0.0,0.0,0.0,4.0,0.0
Lazaro,TOR,30.0,6.02,6.07,0.0,0.0,0.0,0.0,0.0,3.0,3.0,0.0
Rovella,LAZ,21.0,6.12,6.07,0.0,0.0,0.0,0.0,0.0,2.0,6.0,0.0
Lucumi',BOL,29.0,6.1,6.07,0.0,0.0,0.0,0.0,0.0,0.0,2.0,0.0
Alcaraz,JUV,7.0,5.93,6.07,0.0,0.0,0.0,0.0,0.0,1.0,0.0,0.0
Zappacosta,ATA,31.0,5.92,6.06,2.0,0.0,0.0,0.0,0.0,1.0,5.0,0.0
Freuler,BOL,32.0,6.11,6.06,1.0,0.0,0.0,0.0,0.0,0.0,9.0,0.0
Toljan,SAS,24.0,5.92,6.06,0.0,0.0,0.0,0.0,0.0,4.0,1.0,0.0
Cerri,EMP,11.0,5.86,6.05,1.0,0.0,0.0,0.0,0.0,0.0,2.0,0.0
Luperto,EMP,38.0,6.0,6.05,1.0,0.0,0.0,0.0,0.0,1.0,4.0,0.0
Huijsen,ROM,11.0,5.86,6.05,2.0,0.0,0.0,0.0,0.0,0.0,4.0,0.0
Calabria,MIL,29.0,5.95,6.03,1.0,0.0,0.0,0.0,0.0,3.0,3.0,2.0
Pellegri,TOR,15.0,5.87,6.03,1.0,0.0,0.0,0.0,0.0,1.0,3.0,0.0
Lirola,FRO,24.0,5.75,6.02,2.0,0.0,0.0,0.0,0.0,1.0,1.0,0.0
Marin,EMP,28.0,5.98,6.02,0.0,0.0,0.0,0.0,0.0,2.0,3.0,0.0
Beukema,BOL,30.0,6.02,6.02,1.0,0.0,0.0,0.0,0.0,0.0,4.0,1.0
Payero,UDI,28.0,5.88,6.02,2.0,0.0,0.0,0.0,0.0,2.0,6.0,1.0
Saponara,VER,10.0,6.0,6.0,0.0,0.0,0.0,0.0,0.0,0.0,0.0,0.0
Pogba,JUV,2.0,6.0,6.0,0.0,0.0,0.0,0.0,0.0,0.0,0.0,0.0
De Sciglio,JUV,1.0,6.0,6.0,0.0,0.0,0.0,0.0,0.0,0.0,0.0,0.0
Petagna,CAG,15.0,5.8,6.0,1.0,0.0,0.0,0.0,0.0,1.0,2.0,0.0
Lulic K.,FRO,1.0,6.0,6.0,0.0,0.0,0.0,0.0,0.0,0.0,0.0,0.0
Walace,UDI,37.0,5.93,6.0,2.0,0.0,0.0,0.0,0.0,0.0,7.0,0.0
Pedro,LAZ,26.0,5.92,6.0,1.0,0.0,0.0,0.0,0.0,1.0,4.0,0.0
Contini,NAP,1.0,6.0,6.0,0.0,0.0,0.0,0.0,0.0,0.0,0.0,0.0
Klaassen,INT,6.0,6.0,6.0,0.0,0.0,0.0,0.0,0.0,0.0,1.0,0.0
Nicolussi Caviglia,JUV,6.0,5.92,6.0,0.0,0.0,0.0,0.0,0.0,1.0,1.0,0.0
Gallo,LEC,34.0,5.94,6.0,0.0,0.0,0.0,0.0,0.0,3.0,2.0,0.0
Adopo,ATA,4.0,5.75,6.0,0.0,0.0,0.0,0.0,0.0,1.0,0.0,0.0
Carboni A.,MON,21.0,5.88,6.0,1.0,0.0,0.0,0.0,0.0,0.0,1.0,0.0
Bakker,ATA,9.0,5.72,6.0,1.0,0.0,0.0,0.0,0.0,0.0,1.0,0.0
Bastoni S.,EMP,12.0,5.88,6.0,1.0,0.0,0.0,0.0,0.0,0.0,3.0,0.0
Djalo',JUV,1.0,6.0,6.0,0.0,0.0,0.0,0.0,0.0,0.0,0.0,0.0
Zima,TOR,3.0,6.0,6.0,0.0,0.0,0.0,0.0,0.0,0.0,0.0,0.0
Haps,GEN,14.0,5.93,6.0,0.0,0.0,0.0,0.0,0.0,1.0,0.0,0.0
Volpato,SAS,17.0,5.85,6.0,1.0,0.0,0.0,0.0,0.0,0.0,1.0,0.0
Ostigard,NAP,20.0,5.9,6.0,1.0,0.0,0.0,0.0,0.0,0.0,2.0,0.0
Bijol,UDI,24.0,6.08,6.0,0.0,0.0,0.0,0.0,0.0,0.0,4.0,0.0
Kristiansen,BOL,30.0,5.97,6.0,0.0,0.0,0.0,0.0,0.0,3.0,4.0,0.0
Borrelli,FRO,1.0,6.0,6.0,0.0,0.0,0.0,0.0,0.0,0.0,0.0,0.0
Lipani,SAS,7.0,6.0,6.0,0.0,0.0,0.0,0.0,0.0,0.0,0.0,0.0
Dorgu,LEC,29.0,5.9,6.0,2.0,0.0,0.0,0.0,0.0,0.0,6.0,0.0
Burnete,LEC,1.0,6.0,6.0,0.0,0.0,0.0,0.0,0.0,0.0,0.0,0.0
Pagano,ROM,2.0,6.0,6.0,0.0,0.0,0.0,0.0,0.0,0.0,0.0,0.0
Prati,CAG,26.0,5.92,6.0,1.0,0.0,0.0,0.0,0.0,1.0,4.0,0.0
Pierozzi,SAL,12.0,6.0,6.0,1.0,0.0,0.0,0.0,0.0,0.0,6.0,0.0
Martegani,SAL,15.0,5.83,6.0,1.0,0.0,0.0,0.0,0.0,0.0,1.0,0.0
Kutlu,GEN,6.0,6.0,6.0,0.0,0.0,0.0,0.0,0.0,0.0,0.0,0.0
Bartesaghi,MIL,3.0,6.0,6.0,0.0,0.0,0.0,0.0,0.0,0.0,0.0,0.0
Tavsan,VER,2.0,6.0,6.0,0.0,0.0,0.0,0.0,0.0,0.0,0.0,0.0
Weissman,SAL,11.0,5.73,6.0,1.0,0.0,0.0,0.0,0.0,0.0,0.0,0.0
Duda,VER,32.0,6.05,5.98,1.0,0.0,0.0,1.0,0.0,5.0,10.0,2.0
Kostic,JUV,29.0,5.91,5.98,0.0,0.0,0.0,0.0,0.0,3.0,2.0,0.0
Zemura,UDI,21.0,5.86,5.98,1.0,0.0,0.0,0.0,0.0,0.0,1.0,0.0
De Roon,ATA,30.0,5.97,5.97,0.0,0.0,0.0,0.0,0.0,5.0,10.0,0.0
Llorente D.,ROM,29.0,5.91,5.97,1.0,0.0,0.0,0.0,0.0,1.0,5.0,0.0
Spence,GEN,15.0,6.0,5.97,0.0,0.0,0.0,0.0,0.0,0.0,1.0,0.0
Vogliacco,GEN,15.0,6.03,5.97,0.0,0.0,0.0,0.0,0.0,1.0,4.0,0.0
Strootman,GEN,23.0,5.96,5.96,0.0,0.0,0.0,0.0,0.0,2.0,4.0,0.0
Bove,ROM,28.0,5.96,5.96,0.0,0.0,0.0,0.0,0.0,1.0,2.0,0.0
Viti,SAS,14.0,5.89,5.96,1.0,0.0,0.0,0.0,0.0,0.0,0.0,0.0
Fazzini,EMP,25.0,5.92,5.96,1.0,0.0,0.0,0.0,0.0,1.0,6.0,0.0
Serdar,VER,23.0,6.07,5.96,0.0,0.0,0.0,0.0,0.0,1.0,7.0,0.0
Cataldi,LAZ,22.0,5.98,5.95,1.0,0.0,0.0,0.0,0.0,0.0,8.0,0.0
Vojvoda,TOR,21.0,5.88,5.95,0.0,0.0,0.0,0.0,0.0,3.0,3.0,0.0
Caso,FRO,11.0,5.95,5.95,0.0,0.0,0.0,0.0,0.0,1.0,2.0,0.0
Gineitis,TOR,10.0,6.05,5.95,0.0,0.0,0.0,0.0,0.0,0.0,2.0,0.0
Locatelli,JUV,35.0,5.83,5.94,1.0,0.0,0.0,0.0,0.0,4.0,6.0,0.0
Gonzalez J.,LEC,27.0,5.94,5.94,1.0,0.0,0.0,0.0,0.0,0.0,6.0,0.0
Dossena,CAG,35.0,5.84,5.94,2.0,0.0,0.0,0.0,0.0,4.0,5.0,0.0
Kean,JUV,14.0,6.0,5.93,0.0,0.0,0.0,0.0,0.0,0.0,2.0,0.0
Kyriakopoulos,MON,27.0,5.87,5.93,0.0,0.0,0.0,0.0,0.0,3.0,3.0,0.0
Pobega,MIL,7.0,5.93,5.93,0.0,0.0,0.0,0.0,0.0,0.0,0.0,0.0
Gila,LAZ,21.0,6.02,5.93,0.0,0.0,0.0,0.0,0.0,0.0,2.0,1.0
Djimsiti,ATA,36.0,5.94,5.92,0.0,0.0,0.0,0.0,0.0,1.0,4.0,0.0
Gagliardini,MON,32.0,5.88,5.92,1.0,0.0,0.0,0.0,0.0,1.0,5.0,0.0
Martin,GEN,20.0,5.92,5.92,0.0,0.0,0.0,0.0,0.0,2.0,2.0,1.0
Matheus Henrique,SAS,31.0,5.79,5.92,2.0,0.0,0.0,0.0,0.0,2.0,6.0,1.0
Coppola D.,VER,20.0,5.85,5.92,2.0,0.0,0.0,0.0,0.0,0.0,9.0,0.0
Karlsson,BOL,6.0,5.92,5.92,0.0,0.0,0.0,0.0,0.0,0.0,0.0,0.0
Lobotka,NAP,38.0,5.93,5.91,0.0,0.0,0.0,0.0,0.0,1.0,4.0,0.0
Zappa,CAG,37.0,5.8,5.91,1.0,0.0,0.0,0.0,0.0,2.0,2.0,0.0
Caprari,MON,5.0,5.9,5.9,0.0,0.0,0.0,0.0,0.0,0.0,0.0,0.0
Lazzari,LAZ,24.0,5.94,5.9,0.0,0.0,0.0,0.0,0.0,2.0,4.0,1.0
Magnani,VER,30.0,6.0,5.9,0.0,0.0,0.0,0.0,0.0,0.0,6.0,0.0
Aebischer,BOL,31.0,6.0,5.9,0.0,0.0,0.0,0.0,0.0,1.0,8.0,0.0
Miretti,JUV,20.0,5.78,5.9,1.0,0.0,0.0,0.0,0.0,1.0,3.0,0.0
Mitrovic S.,VER,10.0,5.9,5.9,0.0,0.0,0.0,0.0,0.0,0.0,0.0,0.0
Seck,FRO,14.0,5.93,5.89,0.0,0.0,0.0,0.0,0.0,0.0,1.0,0.0
Terracciano F.,MIL,19.0,5.89,5.89,0.0,0.0,0.0,0.0,0.0,1.0,2.0,0.0
Birindelli,MON,32.0,6.0,5.89,0.0,0.0,0.0,0.0,0.0,0.0,7.0,0.0
Olivera,NAP,22.0,5.82,5.89,1.0,0.0,0.0,0.0,0.0,0.0,3.0,0.0
Djidji,TOR,12.0,5.96,5.88,0.0,0.0,0.0,0.0,0.0,0.0,2.0,0.0
Ranieri L.,FIO,25.0,5.86,5.88,2.0,0.0,0.0,0.0,0.0,1.0,14.0,0.0
Celik,ROM,12.0,5.92,5.88,0.0,0.0,0.0,0.0,0.0,0.0,1.0,0.0
Angelino,ROM,16.0,5.94,5.88,0.0,0.0,0.0,0.0,0.0,2.0,2.0,0.0
Mari',MON,33.0,5.98,5.88,0.0,0.0,0.0,0.0,0.0,0.0,7.0,0.0
Mulattieri,SAS,12.0,5.88,5.88,0.0,0.0,0.0,0.0,0.0,0.0,1.0,0.0
Brenner,UDI,4.0,5.88,5.88,0.0,0.0,0.0,0.0,0.0,0.0,0.0,0.0
Rafia,LEC,24.0,5.92,5.88,1.0,0.0,0.0,0.0,0.0,0.0,4.0,0.0
Sabelli,GEN,31.0,5.92,5.87,0.0,0.0,0.0,0.0,0.0,1.0,5.0,0.0
Kjaer,MIL,15.0,5.83,5.87,0.0,0.0,0.0,0.0,0.0,1.0,1.0,0.0
Strefezza,LEC,19.0,5.82,5.87,1.0,0.0,1.0,1.0,0.0,0.0,4.0,0.0
Ricci S.,TOR,30.0,5.9,5.87,1.0,0.0,0.0,0.0,0.0,0.0,6.0,1.0
Ebuehi,EMP,15.0,5.8,5.87,0.0,0.0,0.0,0.0,0.0,1.0,0.0,0.0
N'Dicka,ROM,25.0,5.86,5.86,0.0,0.0,0.0,0.0,0.0,3.0,6.0,0.0
Weah,JUV,25.0,5.92,5.86,0.0,0.0,0.0,0.0,0.0,1.0,5.0,0.0
Kalulu,MIL,7.0,5.86,5.86,0.0,0.0,0.0,0.0,0.0,0.0,0.0,0.0
Musah,MIL,25.0,5.92,5.86,0.0,0.0,0.0,0.0,0.0,1.0,5.0,0.0
Ciurria,MON,22.0,5.86,5.86,0.0,0.0,0.0,0.0,0.0,1.0,2.0,0.0
Mboula,VER,7.0,5.71,5.86,0.0,0.0,0.0,0.0,0.0,1.0,0.0,0.0
Fazio,SAL,17.0,5.71,5.85,1.0,0.0,0.0,0.0,0.0,1.0,3.0,0.0
Garritano,FRO,10.0,5.9,5.85,0.0,0.0,0.0,0.0,0.0,0.0,1.0,0.0
Zambo Anguissa,NAP,33.0,5.82,5.85,0.0,0.0,0.0,0.0,0.0,2.0,2.0,0.0
Lindstrom,NAP,16.0,5.91,5.84,0.0,0.0,0.0,0.0,0.0,0.0,2.0,0.0
Romagnoli S.,FRO,33.0,5.83,5.83,1.0,0.0,0.0,0.0,0.0,0.0,6.0,0.0
Bereszynski,EMP,23.0,5.85,5.83,0.0,0.0,0.0,0.0,0.0,1.0,3.0,0.0
Boateng J.,SAL,6.0,5.83,5.83,0.0,0.0,0.0,0.0,0.0,0.0,0.0,0.0
Smalling,ROM,6.0,5.83,5.83,0.0,0.0,0.0,0.0,0.0,0.0,0.0,0.0
Urbanski,BOL,18.0,5.92,5.83,0.0,0.0,0.0,0.0,0.0,0.0,3.0,0.0
Soppy,TOR,3.0,5.83,5.83,0.0,0.0,0.0,0.0,0.0,0.0,0.0,0.0
Cittadini,GEN,3.0,6.0,5.83,0.0,0.0,0.0,0.0,0.0,0.0,1.0,0.0
Stewart,SAL,3.0,5.83,5.83,0.0,0.0,0.0,0.0,0.0,0.0,0.0,0.0
Simeone,NAP,17.0,5.74,5.82,1.0,0.0,0.0,0.0,0.0,0.0,3.0,0.0
Hongla,VER,14.0,5.82,5.82,0.0,0.0,0.0,0.0,0.0,0.0,0.0,0.0
Success,UDI,19.0,5.84,5.82,1.0,0.0,0.0,1.0,0.0,1.0,4.0,0.0
Perez N.,UDI,36.0,5.94,5.82,0.0,0.0,0.0,0.0,0.0,0.0,7.0,1.0
Bohinen,GEN,14.0,5.86,5.82,0.0,0.0,0.0,0.0,0.0,0.0,1.0,0.0
Hien,ATA,22.0,5.95,5.82,0.0,0.0,0.0,0.0,0.0,0.0,4.0,1.0
Ehizibue,UDI,20.0,5.88,5.82,0.0,0.0,0.0,0.0,0.0,1.0,4.0,0.0
Boloca,SAS,30.0,5.85,5.82,1.0,0.0,0.0,0.0,0.0,0.0,6.0,1.0
Azzi,CAG,22.0,5.84,5.82,0.0,0.0,0.0,0.0,0.0,0.0,1.0,0.0
Manolas,SAL,8.0,5.81,5.81,0.0,0.0,0.0,0.0,0.0,0.0,0.0,0.0
Machin,MON,8.0,5.94,5.81,0.0,0.0,0.0,0.0,0.0,0.0,2.0,0.0
Augello,CAG,32.0,5.77,5.81,1.0,0.0,0.0,0.0,0.0,1.0,5.0,0.0
Pongracic,LEC,36.0,5.94,5.81,0.0,0.0,0.0,0.0,0.0,0.0,8.0,1.0
Masina,TOR,15.0,5.87,5.8,0.0,0.0,0.0,0.0,0.0,0.0,2.0,0.0
Romagnoli,LAZ,28.0,5.96,5.8,0.0,0.0,0.0,0.0,0.0,0.0,9.0,0.0
Kabasele,UDI,10.0,5.75,5.8,1.0,0.0,0.0,0.0,0.0,0.0,5.0,0.0
Okereke,TOR,5.0,5.8,5.8,0.0,0.0,0.0,0.0,0.0,0.0,0.0,0.0
Corazza,BOL,5.0,5.9,5.8,0.0,0.0,0.0,0.0,0.0,0.0,1.0,0.0
Ikwuemesi,SAL,23.0,5.67,5.8,1.0,0.0,0.0,0.0,0.0,1.0,2.0,0.0
Vinagre,VER,7.0,5.79,5.79,0.0,0.0,0.0,0.0,0.0,0.0,0.0,0.0
Van Hooijdonk,BOL,7.0,5.79,5.79,0.0,0.0,0.0,0.0,0.0,0.0,0.0,0.0
Hateboer,ATA,18.0,5.83,5.78,0.0,0.0,0.0,0.0,0.0,1.0,5.0,0.0
Caldirola,MON,29.0,5.79,5.78,1.0,0.0,0.0,0.0,0.0,0.0,5.0,1.0
Erlic,SAS,32.0,5.77,5.78,1.0,0.0,0.0,0.0,0.0,0.0,5.0,0.0
Bondo,MON,25.0,5.84,5.78,1.0,0.0,0.0,0.0,0.0,0.0,9.0,0.0
Zerbin,MON,16.0,5.78,5.78,0.0,0.0,0.0,0.0,0.0,1.0,0.0,1.0
Gelli,FRO,20.0,5.85,5.78,0.0,0.0,0.0,0.0,0.0,0.0,3.0,0.0
Grassi,EMP,26.0,5.92,5.77,0.0,0.0,0.0,0.0,0.0,1.0,4.0,1.0
Zalewski,ROM,22.0,5.8,5.77,0.0,0.0,0.0,0.0,0.0,1.0,1.0,1.0
Doig,SAS,28.0,5.82,5.77,0.0,0.0,0.0,0.0,0.0,2.0,7.0,0.0
Pellegrini Lu.,LAZ,17.0,5.79,5.76,1.0,0.0,0.0,0.0,0.0,0.0,5.0,1.0
Tchatchoua,VER,25.0,5.76,5.76,0.0,0.0,0.0,0.0,0.0,1.0,2.0,0.0
Bonifazi,FRO,6.0,5.75,5.75,0.0,0.0,0.0,0.0,0.0,0.0,0.0,0.0
Traore' Hj.,NAP,8.0,5.81,5.75,0.0,0.0,0.0,0.0,0.0,0.0,1.0,0.0
Dominguez,BOL,2.0,5.75,5.75,0.0,0.0,0.0,0.0,0.0,0.0,0.0,0.0
Romero L.,MIL,2.0,6.0,5.75,0.0,0.0,0.0,0.0,0.0,0.0,1.0,0.0
Zanoli,SAL,18.0,5.83,5.75,0.0,0.0,0.0,0.0,0.0,2.0,4.0,0.0
Blin,LEC,28.0,5.79,5.75,0.0,0.0,0.0,0.0,0.0,1.0,4.0,0.0
Dodo',FIO,6.0,5.75,5.75,0.0,0.0,0.0,0.0,0.0,0.0,0.0,0.0
Bronn,SAL,2.0,5.75,5.75,0.0,0.0,0.0,0.0,0.0,0.0,0.0,0.0
Missori,SAS,6.0,5.75,5.75,0.0,0.0,0.0,0.0,0.0,0.0,0.0,0.0
Kvernadze,FRO,2.0,5.75,5.75,0.0,0.0,0.0,0.0,0.0,0.0,0.0,0.0
Oyono,FRO,14.0,5.82,5.75,0.0,0.0,0.0,0.0,0.0,1.0,4.0,0.0
Bonfanti,ATA,2.0,5.75,5.75,0.0,0.0,0.0,0.0,0.0,0.0,0.0,0.0
Kristensen T.,UDI,26.0,5.79,5.75,0.0,0.0,0.0,0.0,0.0,1.0,2.0,1.0
Comuzzo,FIO,2.0,6.0,5.75,0.0,0.0,0.0,0.0,0.0,0.0,1.0,0.0
Ankeye,GEN,2.0,5.75,5.75,0.0,0.0,0.0,0.0,0.0,0.0,0.0,0.0
Mario Rui,NAP,19.0,5.82,5.74,0.0,0.0,0.0,0.0,0.0,2.0,5.0,1.0
Pereira P.,MON,19.0,5.76,5.74,0.0,0.0,0.0,0.0,0.0,1.0,3.0,0.0
Bradaric,SAL,34.0,5.72,5.74,0.0,0.0,0.0,0.0,0.0,3.0,5.0,0.0
De Winter,GEN,29.0,5.84,5.74,0.0,0.0,0.0,0.0,0.0,1.0,6.0,1.0
Marusic,LAZ,37.0,5.72,5.73,1.0,0.0,0.0,0.0,0.0,0.0,3.0,1.0
Tameze,TOR,28.0,5.79,5.73,0.0,0.0,0.0,0.0,0.0,2.0,6.0,1.0
Ebosele,UDI,30.0,5.83,5.73,0.0,0.0,0.0,0.0,0.0,0.0,4.0,1.0
Barrenechea,FRO,35.0,5.84,5.73,0.0,0.0,0.0,0.0,0.0,1.0,10.0,0.0
Kaba,LEC,22.0,5.82,5.73,0.0,0.0,0.0,0.0,0.0,0.0,2.0,1.0
Krunic,MIL,9.0,5.89,5.72,0.0,0.0,0.0,0.0,0.0,0.0,3.0,0.0
Baschirotto,LEC,37.0,5.76,5.72,0.0,0.0,0.0,0.0,0.0,1.0,3.0,1.0
Ranocchia F.,EMP,9.0,5.89,5.72,0.0,0.0,0.0,0.0,0.0,0.0,3.0,0.0
Ramadani,LEC,34.0,5.82,5.72,1.0,0.0,0.0,0.0,0.0,0.0,13.0,0.0
Shpendi S.,EMP,9.0,5.72,5.72,0.0,0.0,0.0,0.0,0.0,0.0,0.0,0.0
Pedersen,SAS,23.0,5.72,5.72,0.0,0.0,0.0,0.0,0.0,2.0,4.0,0.0
Dani Silva,VER,9.0,5.83,5.72,0.0,0.0,0.0,0.0,0.0,0.0,2.0,0.0
Hefti,GEN,5.0,5.7,5.7,0.0,0.0,0.0,0.0,0.0,0.0,0.0,0.0
Gomis I.,SAL,5.0,5.7,5.7,0.0,0.0,0.0,0.0,0.0,0.0,0.0,0.0
D'Ambrosio,MON,24.0,5.79,5.69,0.0,0.0,0.0,0.0,0.0,0.0,3.0,1.0
Linetty,TOR,26.0,5.92,5.69,0.0,0.0,0.0,0.0,0.0,0.0,12.0,0.0
Gyasi,EMP,29.0,5.66,5.69,1.0,0.0,0.0,0.0,0.0,2.0,9.0,0.0
Kristensen,ROM,26.0,5.67,5.69,1.0,0.0,0.0,0.0,0.0,2.0,5.0,0.0
Natan,NAP,13.0,5.81,5.69,0.0,0.0,0.0,0.0,0.0,0.0,1.0,1.0
Sazonov,TOR,8.0,5.75,5.69,0.0,0.0,0.0,0.0,0.0,0.0,2.0,0.0
Toloi,ATA,14.0,5.89,5.68,0.0,0.0,0.0,0.0,0.0,0.0,4.0,1.0
Castillejo,SAS,11.0,5.77,5.68,0.0,0.0,0.0,0.0,0.0,0.0,2.0,0.0
Ismajli,EMP,25.0,5.72,5.68,0.0,0.0,0.0,0.0,0.0,0.0,2.0,0.0
Cajuste,NAP,22.0,5.8,5.68,0.0,0.0,0.0,0.0,0.0,1.0,7.0,0.0
Perin,JUV,3.0,6.0,5.67,0.0,1.0,0.0,0.0,0.0,0.0,0.0,0.0
Juan Jesus,NAP,24.0,5.69,5.67,1.0,0.0,0.0,0.0,0.0,0.0,7.0,0.0
Di Pardo,CAG,9.0,5.67,5.67,0.0,0.0,0.0,0.0,0.0,0.0,0.0,0.0
Infantino,FIO,3.0,5.83,5.67,0.0,0.0,0.0,0.0,0.0,0.0,1.0,0.0
Cruz,VER,3.0,5.67,5.67,0.0,0.0,0.0,0.0,0.0,0.0,0.0,0.0
Centonze,VER,9.0,5.67,5.67,0.0,0.0,0.0,0.0,0.0,1.0,2.0,0.0
Lopez M.,FIO,16.0,5.75,5.66,0.0,0.0,0.0,0.0,0.0,0.0,1.0,1.0
Maleh,EMP,34.0,5.79,5.66,0.0,0.0,0.0,0.0,0.0,1.0,11.0,0.0
Cacace,EMP,28.0,5.73,5.66,0.0,0.0,0.0,0.0,0.0,1.0,6.0,0.0
Cabal,VER,19.0,5.82,5.66,0.0,0.0,0.0,0.0,0.0,0.0,6.0,0.0
Hysaj,LAZ,20.0,5.7,5.65,0.0,0.0,0.0,0.0,0.0,0.0,2.0,0.0
Walukiewicz,EMP,27.0,5.76,5.65,0.0,0.0,0.0,0.0,0.0,0.0,6.0,0.0
Coulibaly L.,SAL,27.0,5.72,5.65,0.0,0.0,0.0,0.0,0.0,0.0,5.0,0.0
Legowski,SAL,23.0,5.72,5.65,0.0,0.0,0.0,0.0,0.0,0.0,3.0,0.0
Akpa Akpro,MON,14.0,5.82,5.64,0.0,0.0,0.0,0.0,0.0,0.0,5.0,0.0
Parisi,FIO,21.0,5.69,5.64,0.0,0.0,0.0,0.0,0.0,1.0,4.0,0.0
Mazzocchi,NAP,25.0,5.68,5.64,0.0,0.0,0.0,0.0,0.0,2.0,4.0,1.0
Ceide,SAS,7.0,5.64,5.64,0.0,0.0,0.0,0.0,0.0,0.0,0.0,0.0
Giannetti L.,UDI,7.0,5.79,5.64,1.0,0.0,0.0,0.0,0.0,0.0,4.0,0.0
Sommer,INT,34.0,6.12,5.63,0.0,19.0,0.0,0.0,1.0,0.0,1.0,0.0
Izzo,MON,20.0,5.82,5.62,0.0,0.0,0.0,0.0,0.0,0.0,9.0,0.0
Faraoni,FIO,16.0,5.72,5.62,0.0,0.0,0.0,0.0,0.0,1.0,5.0,0.0
Okoli,FRO,34.0,5.72,5.62,0.0,0.0,0.0,0.0,0.0,1.0,9.0,0.0
Makoumbou,CAG,32.0,5.62,5.61,1.0,0.0,0.0,0.0,0.0,0.0,3.0,2.0
Milenkovic,FIO,30.0,5.67,5.6,0.0,0.0,0.0,0.0,0.0,0.0,4.0,0.0
Dawidowicz,VER,26.0,5.77,5.6,0.0,0.0,0.0,0.0,0.0,0.0,5.0,0.0
Vina,SAS,15.0,5.7,5.6,0.0,0.0,0.0,0.0,0.0,3.0,1.0,0.0
Destro,EMP,11.0,5.68,5.59,0.0,0.0,0.0,0.0,0.0,0.0,2.0,0.0
Deiola,CAG,22.0,5.7,5.59,1.0,0.0,0.0,0.0,0.0,0.0,7.0,0.0
Ferrari G.,SAS,27.0,5.56,5.59,1.0,0.0,0.0,0.0,0.0,0.0,4.0,0.0
Valeri,FRO,15.0,5.6,5.57,0.0,0.0,0.0,0.0,0.0,1.0,3.0,0.0
Amione,VER,8.0,5.69,5.56,0.0,0.0,0.0,0.0,0.0,0.0,2.0,0.0
Casale,LAZ,19.0,5.68,5.55,0.0,0.0,0.0,0.0,0.0,0.0,5.0,0.0
Ferreira J.,UDI,30.0,5.67,5.55,0.0,0.0,0.0,0.0,0.0,1.0,9.0,0.0
Goldaniga,CAG,13.0,5.65,5.54,0.0,0.0,0.0,0.0,0.0,0.0,3.0,0.0
Pirola,SAL,25.0,5.5,5.54,1.0,0.0,0.0,0.0,0.0,0.0,4.0,0.0
Perilli,VER,1.0,7.5,5.5,0.0,2.0,0.0,0.0,0.0,0.0,0.0,0.0
Pezzella Giu.,EMP,15.0,5.63,5.5,0.0,0.0,0.0,0.0,0.0,0.0,4.0,0.0
Obiang,SAS,7.0,5.57,5.5,0.0,0.0,0.0,0.0,0.0,0.0,1.0,0.0
Beto,UDI,1.0,5.5,5.5,0.0,0.0,0.0,0.0,0.0,0.0,0.0,0.0
Guessand A.,UDI,1.0,5.5,5.5,0.0,0.0,0.0,0.0,0.0,0.0,0.0,0.0
Solbakken,ROM,1.0,5.5,5.5,0.0,0.0,0.0,0.0,0.0,0.0,0.0,0.0
Amatucci,FIO,1.0,5.5,5.5,0.0,0.0,0.0,0.0,0.0,0.0,0.0,0.0
Wieteska,CAG,15.0,5.57,5.5,0.0,0.0,0.0,0.0,0.0,1.0,2.0,1.0
Mandas,LAZ,8.0,6.25,5.5,0.0,6.0,0.0,0.0,0.0,0.0,0.0,0.0
Di Gregorio,MON,33.0,6.35,5.47,0.0,35.0,0.0,0.0,2.0,0.0,0.0,0.0
Hatzidiakos,CAG,13.0,5.5,5.46,0.0,0.0,0.0,0.0,0.0,0.0,1.0,0.0
Lovato,TOR,19.0,5.53,5.45,0.0,0.0,0.0,0.0,0.0,0.0,3.0,0.0
Szczesny,JUV,35.0,6.21,5.43,0.0,30.0,0.0,0.0,1.0,0.0,1.0,0.0
Venuti,LEC,6.0,5.5,5.42,0.0,0.0,0.0,0.0,0.0,0.0,1.0,0.0
Bourabia,FRO,5.0,5.5,5.4,0.0,0.0,0.0,0.0,0.0,0.0,1.0,0.0
Thiaw,MIL,20.0,5.68,5.4,0.0,0.0,0.0,0.0,0.0,0.0,5.0,1.0
Svilar,ROM,15.0,6.47,5.37,0.0,19.0,0.0,0.0,1.0,0.0,1.0,0.0
Daniliuc,SAL,11.0,5.45,5.36,0.0,0.0,0.0,0.0,0.0,0.0,2.0,0.0
Basic,SAL,14.0,5.54,5.36,0.0,0.0,0.0,0.0,0.0,0.0,5.0,0.0
Pasalidis,SAL,7.0,5.5,5.36,0.0,0.0,0.0,0.0,0.0,0.0,3.0,0.0
Skorupski,BOL,32.0,6.17,5.33,0.0,29.0,0.0,0.0,1.0,0.0,2.0,0.0
Puscas,GEN,3.0,5.33,5.33,0.0,0.0,0.0,0.0,0.0,0.0,0.0,0.0
Touba,LEC,6.0,5.42,5.33,0.0,0.0,0.0,0.0,0.0,0.0,1.0,0.0
Obert,CAG,13.0,5.35,5.31,0.0,0.0,0.0,0.0,0.0,0.0,1.0,0.0
Carnesecchi,ATA,27.0,6.19,5.3,0.0,30.0,0.0,0.0,2.0,0.0,0.0,0.0
Pellegrino,SAL,10.0,5.35,5.3,0.0,0.0,0.0,0.0,0.0,0.0,1.0,0.0
Terracciano,FIO,33.0,6.27,5.26,0.0,35.0,0.0,0.0,1.0,0.0,3.0,0.0
Leali,GEN,2.0,6.5,5.25,0.0,2.0,0.0,0.0,0.0,0.0,1.0,0.0
Audero,INT,4.0,6.0,5.25,0.0,3.0,0.0,0.0,0.0,0.0,0.0,0.0
Milinkovic-Savic V.,TOR,36.0,6.12,5.24,0.0,31.0,0.0,0.0,0.0,0.0,2.0,0.0
Caprile,EMP,23.0,6.26,5.22,0.0,27.0,0.0,0.0,1.0,0.0,0.0,0.0
Botheim,SAL,5.0,5.3,5.2,0.0,0.0,0.0,0.0,0.0,0.0,1.0,0.0
Provedel,LAZ,30.0,6.23,5.13,0.0,33.0,0.0,0.0,0.0,0.0,0.0,0.0
Tressoldi,SAS,23.0,5.28,5.13,0.0,0.0,0.0,0.0,0.0,0.0,5.0,1.0
Gyomber,SAL,22.0,5.36,5.07,0.0,0.0,0.0,0.0,0.0,0.0,9.0,0.0
Musso,ATA,11.0,6.14,5.05,0.0,12.0,0.0,0.0,0.0,0.0,0.0,0.0
Aresti,CAG,1.0,6.0,5.0,0.0,1.0,0.0,0.0,0.0,0.0,0.0,0.0
Haas,EMP,1.0,5.5,5.0,0.0,0.0,0.0,0.0,0.0,0.0,1.0,0.0
Jagiello,GEN,1.0,5.0,5.0,0.0,0.0,0.0,0.0,0.0,0.0,0.0,0.0
Mateus Lusuardi,FRO,3.0,5.17,5.0,0.0,0.0,0.0,0.0,0.0,0.0,1.0,0.0
Montipo',VER,37.0,6.31,4.99,0.0,49.0,0.0,0.0,0.0,0.0,0.0,0.0
Meret,NAP,31.0,6.06,4.97,0.0,40.0,0.0,0.0,2.0,0.0,0.0,0.0
Martinez Jo.,GEN,36.0,6.14,4.97,0.0,43.0,0.0,0.0,1.0,0.0,2.0,1.0
Okoye,UDI,21.0,6.17,4.93,0.0,25.0,0.0,0.0,0.0,0.0,2.0,0.0
Falcone,LEC,38.0,6.25,4.91,0.0,54.0,0.0,0.0,1.0,0.0,0.0,0.0
Kumbulla,SAS,5.0,5.4,4.9,0.0,0.0,0.0,0.0,0.0,0.0,1.0,0.0
Gollini,NAP,7.0,6.0,4.86,0.0,8.0,0.0,0.0,0.0,0.0,0.0,0.0
Maignan,MIL,29.0,6.05,4.86,0.0,34.0,0.0,0.0,0.0,1.0,1.0,1.0
Matturro,GEN,3.0,5.5,4.83,0.0,0.0,0.0,0.0,0.0,0.0,0.0,0.0
Rui Patricio,ROM,23.0,5.98,4.78,0.0,27.0,0.0,0.0,0.0,0.0,1.0,0.0
Mirante,MIL,2.0,6.25,4.75,0.0,3.0,0.0,0.0,0.0,0.0,0.0,0.0
Sportiello,MIL,7.0,6.14,4.57,0.0,11.0,0.0,0.0,0.0,0.0,0.0,0.0
Berisha,EMP,14.0,6.11,4.54,0.0,25.0,0.0,0.0,1.0,0.0,0.0,0.0
Donati,MON,1.0,5.0,4.5,0.0,0.0,0.0,0.0,0.0,0.0,1.0,0.0
Martinelli T.,FIO,1.0,6.5,4.5,0.0,2.0,0.0,0.0,0.0,0.0,0.0,0.0
Nava,MIL,1.0,5.5,4.5,0.0,1.0,0.0,0.0,0.0,0.0,0.0,0.0
Nonge,JUV,1.0,5.0,4.5,0.0,0.0,0.0,0.0,0.0,0.0,1.0,0.0
Jimenez A.,MIL,1.0,5.0,4.5,0.0,0.0,0.0,0.0,0.0,0.0,1.0,0.0
Turati,FRO,31.0,6.19,4.42,0.0,58.0,0.0,0.0,1.0,0.0,0.0,0.0
Mancosu,CAG,3.0,5.33,4.33,0.0,0.0,0.0,1.0,0.0,0.0,0.0,0.0
Scuffet,CAG,31.0,6.13,4.31,0.0,55.0,0.0,0.0,0.0,0.0,3.0,0.0
Consigli,SAS,35.0,6.14,4.27,0.0,68.0,0.0,0.0,1.0,0.0,1.0,0.0
Cerofolini,FRO,8.0,5.94,4.25,0.0,11.0,0.0,0.0,0.0,0.0,1.0,0.0
Ochoa,SAL,21.0,6.31,4.21,0.0,44.0,0.0,0.0,0.0,0.0,0.0,0.0
Silvestri,UDI,17.0,5.82,4.18,0.0,28.0,0.0,0.0,0.0,0.0,0.0,0.0
Radunovic,CAG,7.0,5.71,4.0,0.0,12.0,0.0,0.0,0.0,0.0,0.0,0.0
Costil,SAL,13.0,6.19,3.96,0.0,29.0,0.0,0.0,0.0,0.0,0.0,0.0
Fiorillo,SAL,4.0,6.0,3.88,0.0,8.0,0.0,0.0,0.0,0.0,1.0,0.0
Sorrentino A.,MON,7.0,6.0,3.71,0.0,16.0,0.0,0.0,0.0,0.0,0.0,0.0
Cragno,SAS,3.0,6.0,3.67,0.0,7.0,0.0,0.0,0.0,0.0,0.0,0.0
Christensen O.,FIO,4.0,5.5,3.25,0.0,9.0,0.0,0.0,0.0,0.0,0.0,0.0
Perisan,EMP,1.0,5.0,3.0,0.0,2.0,0.0,0.0,0.0,0.0,0.0,0.0
Gemello,TOR,2.0,5.0,2.5,0.0,5.0,0.0,0.0,0.0,0.0,0.0,0.0
D'Alessandro,MON,0.0,0.0,0.0,0.0,0.0,0.0,0.0,0.0,0.0,0.0,0.0
Lasagna,VER,0.0,0.0,0.0,0.0,0.0,0.0,0.0,0.0,0.0,0.0,0.0
Dermaku,LEC,0.0,0.0,0.0,0.0,0.0,0.0,0.0,0.0,0.0,0.0,0.0
Tonelli,EMP,0.0,0.0,0.0,0.0,0.0,0.0,0.0,0.0,0.0,0.0,0.0
Sepe,LAZ,0.0,0.0,0.0,0.0,0.0,0.0,0.0,0.0,0.0,0.0,0.0
Lamanna,MON,0.0,0.0,0.0,0.0,0.0,0.0,0.0,0.0,0.0,0.0,0.0
Sommariva,GEN,0.0,0.0,0.0,0.0,0.0,0.0,0.0,0.0,0.0,0.0,0.0
Bonucci,JUV,0.0,0.0,0.0,0.0,0.0,0.0,0.0,0.0,0.0,0.0,0.0
Verdi,TOR,0.0,0.0,0.0,0.0,0.0,0.0,0.0,0.0,0.0,0.0,0.0
Capradossi,CAG,0.0,0.0,0.0,0.0,0.0,0.0,0.0,0.0,0.0,0.0,0.0
Correa,INT,0.0,0.0,0.0,0.0,0.0,0.0,0.0,0.0,0.0,0.0,0.0
Pegolo,SAS,0.0,0.0,0.0,0.0,0.0,0.0,0.0,0.0,0.0,0.0,0.0
Padelli,UDI,0.0,0.0,0.0,0.0,0.0,0.0,0.0,0.0,0.0,0.0,0.0
Benassi,FIO,0.0,0.0,0.0,0.0,0.0,0.0,0.0,0.0,0.0,0.0,0.0
Pajac,GEN,0.0,0.0,0.0,0.0,0.0,0.0,0.0,0.0,0.0,0.0,0.0
Ceccherini,VER,0.0,0.0,0.0,0.0,0.0,0.0,0.0,0.0,0.0,0.0,0.0
Aramu,GEN,0.0,0.0,0.0,0.0,0.0,0.0,0.0,0.0,0.0,0.0,0.0
Rog,CAG,0.0,0.0,0.0,0.0,0.0,0.0,0.0,0.0,0.0,0.0,0.0
Deulofeu,UDI,0.0,0.0,0.0,0.0,0.0,0.0,0.0,0.0,0.0,0.0,0.0
Melegoni,GEN,0.0,0.0,0.0,0.0,0.0,0.0,0.0,0.0,0.0,0.0,0.0
Latte Lath,ATA,0.0,0.0,0.0,0.0,0.0,0.0,0.0,0.0,0.0,0.0,0.0
Coulibaly M.,SAL,0.0,0.0,0.0,0.0,0.0,0.0,0.0,0.0,0.0,0.0,0.0
Gosens,INT,0.0,0.0,0.0,0.0,0.0,0.0,0.0,0.0,0.0,0.0,0.0
Palomino,ATA,0.0,0.0,0.0,0.0,0.0,0.0,0.0,0.0,0.0,0.0,0.0
Coda M.,GEN,0.0,0.0,0.0,0.0,0.0,0.0,0.0,0.0,0.0,0.0,0.0
Valoti,MON,0.0,0.0,0.0,0.0,0.0,0.0,0.0,0.0,0.0,0.0,0.0
Crociata,EMP,0.0,0.0,0.0,0.0,0.0,0.0,0.0,0.0,0.0,0.0,0.0
Rogerio,SAS,0.0,0.0,0.0,0.0,0.0,0.0,0.0,0.0,0.0,0.0,0.0
Origi,MIL,0.0,0.0,0.0,0.0,0.0,0.0,0.0,0.0,0.0,0.0,0.0
Matic,ROM,0.0,0.0,0.0,0.0,0.0,0.0,0.0,0.0,0.0,0.0,0.0
Barrow,BOL,0.0,0.0,0.0,0.0,0.0,0.0,0.0,0.0,0.0,0.0,0.0
Bettella,MON,0.0,0.0,0.0,0.0,0.0,0.0,0.0,0.0,0.0,0.0,0.0
Gunter,VER,0.0,0.0,0.0,0.0,0.0,0.0,0.0,0.0,0.0,0.0,0.0
Frattali,FRO,0.0,0.0,0.0,0.0,0.0,0.0,0.0,0.0,0.0,0.0,0.0
Dendoncker,NAP,0.0,0.0,0.0,0.0,0.0,0.0,0.0,0.0,0.0,0.0,0.0
Ibanez,ROM,0.0,0.0,0.0,0.0,0.0,0.0,0.0,0.0,0.0,0.0,0.0
Demiral,ATA,0.0,0.0,0.0,0.0,0.0,0.0,0.0,0.0,0.0,0.0,0.0
Brancolini,LEC,0.0,0.0,0.0,0.0,0.0,0.0,0.0,0.0,0.0,0.0,0.0
Schouten,BOL,0.0,0.0,0.0,0.0,0.0,0.0,0.0,0.0,0.0,0.0,0.0
Esposito Se.,INT,0.0,0.0,0.0,0.0,0.0,0.0,0.0,0.0,0.0,0.0,0.0
Bleve,LEC,0.0,0.0,0.0,0.0,0.0,0.0,0.0,0.0,0.0,0.0,0.0
Berardi A.,VER,0.0,0.0,0.0,0.0,0.0,0.0,0.0,0.0,0.0,0.0,0.0
Henderson L.,EMP,0.0,0.0,0.0,0.0,0.0,0.0,0.0,0.0,0.0,0.0,0.0
Lozano,NAP,0.0,0.0,0.0,0.0,0.0,0.0,0.0,0.0,0.0,0.0,0.0
Amrabat,FIO,0.0,0.0,0.0,0.0,0.0,0.0,0.0,0.0,0.0,0.0,0.0
Quina,UDI,0.0,0.0,0.0,0.0,0.0,0.0,0.0,0.0,0.0,0.0,0.0
Soumaoro,BOL,0.0,0.0,0.0,0.0,0.0,0.0,0.0,0.0,0.0,0.0,0.0
Singo,TOR,0.0,0.0,0.0,0.0,0.0,0.0,0.0,0.0,0.0,0.0,0.0
Ballo-Toure',MIL,0.0,0.0,0.0,0.0,0.0,0.0,0.0,0.0,0.0,0.0,0.0
Ake' M.,UDI,0.0,0.0,0.0,0.0,0.0,0.0,0.0,0.0,0.0,0.0,0.0
Boer,ROM,0.0,0.0,0.0,0.0,0.0,0.0,0.0,0.0,0.0,0.0,0.0
Maehle,ATA,0.0,0.0,0.0,0.0,0.0,0.0,0.0,0.0,0.0,0.0,0.0
Kokorin,FIO,0.0,0.0,0.0,0.0,0.0,0.0,0.0,0.0,0.0,0.0,0.0
Braaf,VER,0.0,0.0,0.0,0.0,0.0,0.0,0.0,0.0,0.0,0.0,0.0
Antov,MON,0.0,0.0,0.0,0.0,0.0,0.0,0.0,0.0,0.0,0.0,0.0
Amey,BOL,0.0,0.0,0.0,0.0,0.0,0.0,0.0,0.0,0.0,0.0,0.0
Raimondo,BOL,0.0,0.0,0.0,0.0,0.0,0.0,0.0,0.0,0.0,0.0,0.0
Kallon,VER,0.0,0.0,0.0,0.0,0.0,0.0,0.0,0.0,0.0,0.0,0.0
Altare,CAG,0.0,0.0,0.0,0.0,0.0,0.0,0.0,0.0,0.0,0.0,0.0
Stojanovic,EMP,0.0,0.0,0.0,0.0,0.0,0.0,0.0,0.0,0.0,0.0,0.0
Adamonis,LAZ,0.0,0.0,0.0,0.0,0.0,0.0,0.0,0.0,0.0,0.0,0.0
Piana,UDI,0.0,0.0,0.0,0.0,0.0,0.0,0.0,0.0,0.0,0.0,0.0
Pyyhtia,BOL,0.0,0.0,0.0,0.0,0.0,0.0,0.0,0.0,0.0,0.0,0.0
Kourfalidis,CAG,0.0,0.0,0.0,0.0,0.0,0.0,0.0,0.0,0.0,0.0,0.0
Cabral,FIO,0.0,0.0,0.0,0.0,0.0,0.0,0.0,0.0,0.0,0.0,0.0
Sabiri,FIO,0.0,0.0,0.0,0.0,0.0,0.0,0.0,0.0,0.0,0.0,0.0
Bagnolini,BOL,0.0,0.0,0.0,0.0,0.0,0.0,0.0,0.0,0.0,0.0,0.0
Pafundi,UDI,0.0,0.0,0.0,0.0,0.0,0.0,0.0,0.0,0.0,0.0,0.0
Luis Maximiano,LAZ,0.0,0.0,0.0,0.0,0.0,0.0,0.0,0.0,0.0,0.0,0.0
Marcos Antonio,LAZ,0.0,0.0,0.0,0.0,0.0,0.0,0.0,0.0,0.0,0.0,0.0
Ceesay,LEC,0.0,0.0,0.0,0.0,0.0,0.0,0.0,0.0,0.0,0.0,0.0
Voelkerling Persson,LEC,0.0,0.0,0.0,0.0,0.0,0.0,0.0,0.0,0.0,0.0,0.0
Valencia D.,SAL,0.0,0.0,0.0,0.0,0.0,0.0,0.0,0.0,0.0,0.0,0.0
Alvarez A.,SAS,0.0,0.0,0.0,0.0,0.0,0.0,0.0,0.0,0.0,0.0,0.0
Hjulmand,LEC,0.0,0.0,0.0,0.0,0.0,0.0,0.0,0.0,0.0,0.0,0.0
Helgason,LEC,0.0,0.0,0.0,0.0,0.0,0.0,0.0,0.0,0.0,0.0,0.0
Rodriguez P.,LEC,0.0,0.0,0.0,0.0,0.0,0.0,0.0,0.0,0.0,0.0,0.0
Hrustic,VER,0.0,0.0,0.0,0.0,0.0,0.0,0.0,0.0,0.0,0.0,0.0
Ebosse,UDI,0.0,0.0,0.0,0.0,0.0,0.0,0.0,0.0,0.0,0.0,0.0
Ilkhan,TOR,0.0,0.0,0.0,0.0,0.0,0.0,0.0,0.0,0.0,0.0,0.0
Degli Innocenti,EMP,0.0,0.0,0.0,0.0,0.0,0.0,0.0,0.0,0.0,0.0,0.0
Ekong,EMP,0.0,0.0,0.0,0.0,0.0,0.0,0.0,0.0,0.0,0.0,0.0
Abankwah,UDI,0.0,0.0,0.0,0.0,0.0,0.0,0.0,0.0,0.0,0.0,0.0
Sosa,BOL,0.0,0.0,0.0,0.0,0.0,0.0,0.0,0.0,0.0,0.0,0.0
Guarino,EMP,0.0,0.0,0.0,0.0,0.0,0.0,0.0,0.0,0.0,0.0,0.0
Carboni F.,MON,0.0,0.0,0.0,0.0,0.0,0.0,0.0,0.0,0.0,0.0,0.0
Vivaldo,UDI,0.0,0.0,0.0,0.0,0.0,0.0,0.0,0.0,0.0,0.0,0.0
Faticanti,LEC,0.0,0.0,0.0,0.0,0.0,0.0,0.0,0.0,0.0,0.0,0.0
Pisilli,ROM,0.0,0.0,0.0,0.0,0.0,0.0,0.0,0.0,0.0,0.0,0.0
Belardinelli,EMP,0.0,0.0,0.0,0.0,0.0,0.0,0.0,0.0,0.0,0.0,0.0
Flamingo,SAS,0.0,0.0,0.0,0.0,0.0,0.0,0.0,0.0,0.0,0.0,0.0
Popa,TOR,0.0,0.0,0.0,0.0,0.0,0.0,0.0,0.0,0.0,0.0,0.0
Camara E.,UDI,0.0,0.0,0.0,0.0,0.0,0.0,0.0,0.0,0.0,0.0,0.0
Smajlovic,LEC,0.0,0.0,0.0,0.0,0.0,0.0,0.0,0.0,0.0,0.0,0.0
Lella,CAG,0.0,0.0,0.0,0.0,0.0,0.0,0.0,0.0,0.0,0.0,0.0
Stubljar,EMP,0.0,0.0,0.0,0.0,0.0,0.0,0.0,0.0,0.0,0.0,0.0
Szyminski,FRO,0.0,0.0,0.0,0.0,0.0,0.0,0.0,0.0,0.0,0.0,0.0
Klitten,FRO,0.0,0.0,0.0,0.0,0.0,0.0,0.0,0.0,0.0,0.0,0.0
Haoudi,FRO,0.0,0.0,0.0,0.0,0.0,0.0,0.0,0.0,0.0,0.0,0.0
Bidaoui,FRO,0.0,0.0,0.0,0.0,0.0,0.0,0.0,0.0,0.0,0.0,0.0
Yalcin,GEN,0.0,0.0,0.0,0.0,0.0,0.0,0.0,0.0,0.0,0.0,0.0
Stankovic F.,INT,0.0,0.0,0.0,0.0,0.0,0.0,0.0,0.0,0.0,0.0,0.0
Diaw,MON,0.0,0.0,0.0,0.0,0.0,0.0,0.0,0.0,0.0,0.0,0.0
Saco,NAP,0.0,0.0,0.0,0.0,0.0,0.0,0.0,0.0,0.0,0.0,0.0
N'Guessan,TOR,0.0,0.0,0.0,0.0,0.0,0.0,0.0,0.0,0.0,0.0,0.0
Joselito,VER,0.0,0.0,0.0,0.0,0.0,0.0,0.0,0.0,0.0,0.0,0.0
Gori,MON,0.0,0.0,0.0,0.0,0.0,0.0,0.0,0.0,0.0,0.0,0.0
Gonzalez F.,JUV,0.0,0.0,0.0,0.0,0.0,0.0,0.0,0.0,0.0,0.0,0.0
Borbei,LEC,0.0,0.0,0.0,0.0,0.0,0.0,0.0,0.0,0.0,0.0,0.0
Palmisani,FRO,0.0,0.0,0.0,0.0,0.0,0.0,0.0,0.0,0.0,0.0,0.0
Corfitzen,LEC,0.0,0.0,0.0,0.0,0.0,0.0,0.0,0.0,0.0,0.0,0.0
Kalaj,FRO,0.0,0.0,0.0,0.0,0.0,0.0,0.0,0.0,0.0,0.0,0.0
Gasperini T.,BOL,0.0,0.0,0.0,0.0,0.0,0.0,0.0,0.0,0.0,0.0,0.0
Camarda,MIL,0.0,0.0,0.0,0.0,0.0,0.0,0.0,0.0,0.0,0.0,0.0
Samooja,LEC,0.0,0.0,0.0,0.0,0.0,0.0,0.0,0.0,0.0,0.0,0.0
Goglichidze,EMP,0.0,0.0,0.0,0.0,0.0,0.0,0.0,0.0,0.0,0.0,0.0
Ilic M.,BOL,0.0,0.0,0.0,0.0,0.0,0.0,0.0,0.0,0.0,0.0,0.0
Popovic,MON,0.0,0.0,0.0,0.0,0.0,0.0,0.0,0.0,0.0,0.0,0.0
Stolz,GEN,0.0,0.0,0.0,0.0,0.0,0.0,0.0,0.0,0.0,0.0,0.0
Kabic,TOR,0.0,0.0,0.0,0.0,0.0,0.0,0.0,0.0,0.0,0.0,0.0
